fert_id,fert_name,fert_type,fert_ph,fert_ec,fert_nitrogen,fert_phosphorus,fert_potassium,fert_calcium,fert_magnesium,fert_sulfur,fert_copper,fert_chlorine,fert_boron,fert_iron,fert_zinc,fert_manganese,fert_molybdenum,fert_nickel,fert_cobalt,fert_sodium,fert_toxicity,fert_temp,fert_solubility,fert_role,fert_remark
0,aceticacid,phregulator,3,0.02,0,0,0,0,0,0,0,0,0,0,0,0,0,0,0,0,neutral,30,highly,"""reducessoilphandimprovesnutrientavailability""","""diluteto2-5%solutionandavoidcontactwitheyes/skin"""
1,ironiiichloride,inorganic,3,0.02,0,0,0,0,0,0,0,0,0,210000,0,0,0,0,0,0,neutral,50,highly,"""providesironforenzymefunction""","""solubleironsourceandcanbecorrosiveandhandlewithcare"""
2,abscisicacid,growthregulator,3.5,0,0,0,0,0,0,0,0,0,0,0,0,0,0,0,0,0,neutral,25,low,"""regulatesplantgrowthandstressresponse""","""wearglovesandmaskanddilutewellforfoliarapplication"""
3,canolameal,organic,4,0.03,60000,5000,45000,7000,200,10000,2,0,20,20,150,5,0.3,0.4,0.1,50,low,35,insoluble,"""addsorganicmatterandnutrientstosoil""","""nitrogensourceandslow-releaseandtillintosoilbeforeplanting"""
4,crabmeal,organic,4,0,60000,4000,10000,150000,3000,5000,7,0,5,100,0,3,0,1.1,0.1,10,low,35,low,"""sourceofchitinandnutrients""","""slow-releasesourceofchitinandnutrientsandbeneficialforsoilmicrobes"""
5,karanjacake,organic,4,0.03,30000,3000,30000,2000,100,0,1,0,20,10,0,2,0.1,0,0.1,20,low,35,low,"""addsnutrientsandorganicmatter""","""neemseedcakeandorganicinsectrepellentandfollowlabelinstructions"""
6,epsomsalt,ecregulator,4,0.02,0,0,0,0,99600,130000,0,0,0,0,0,0,0,0,0,0,neutral,50,highly,"""providesmagnesiumandsulfur""","""magnesiumsulfateandsourceofmagnesiumandfollowlabelratestoavoidtoxicity"""
7,vermiculite,organic,4,0.02,0,0,0,0,0,0,2,0,0,0,0,5,0,0,0,0,neutral,50,insoluble,"""improvessoilaerationandwaterretention""","""inertmineralandimprovesdrainageandaeration"""
8,humicacid,organic,4,0.03,0,0,0,0,0,0,0,0,0,0,0,0,0,0,0,0,neutral,40,low,"""enhancesnutrientuptakeandsoilhealth""","""soilamendmentandimprovessoilstructureandnutrientholdingcapacity"""
9,ironphosphate,inorganic,4,0.03,0,0,0,0,0,0,0,0,0,150000,0,0,0,0,0,0,neutral,50,low,"""providesironandphosphorus""","""insolubleinwaterandslow-releaseironsource"""
10,brassinosteroids,growthregulator,4,0,0,0,0,0,0,0,0,0,0,0,0,0,0,0,0,0,neutral,25,low,"""promotesoverallplantgrowthandhealth""","""planthormoneandresearchapplicationratesforspecificcrops"""
11,urea,inorganic,4.5,0.03,460000,0,0,0,0,0,0,0,0,0,0,0,0,0,0,0,dangerous,45,highly,"""highnitrogensourceforrapidgrowth""","""syntheticorganicnitrogenfertilizerandreadilyavailablenitrogensourceandfollowlabelrates"""
12,magnesiumnitrate,inorganic,4.5,0,110000,0,0,0,110000,0,0,0,0,0,0,0,0,0,0,0,high,45,highly,"""providesmagnesiumandnitrogen""","""solublesourceofmagnesiumandnitrogenandfollowlabelrates"""
13,peruvianseabirdguano,organic,4.5,0,120000,32000,10000,1000,0,10000,2,0,20,300,0,0,0.1,0,0.2,0,high,35,medium,"""highnitrogenandphosphorusforgrowth""","""veryhighinnutrientsandwearglovesandusewell-agedmanure"""
14,ironnitrate,inorganic,4.5,0.02,0,0,0,0,0,0,0,0,0,190000,0,0,0,0,0,0,low,40,highly,"""suppliesironandnitrogen""","""solubleironsourceandhighlysolubleanddilutewellforfoliarapplication"""
15,manganeseacetate,inorganic,4.5,0.02,0,0,0,0,0,0,0,0,0,0,0,210000,0,0,0,0,low,40,highly,"""sourceofmanganeseforenzymefunction""","""micronutrientandsolubleandfollowlabelratestoavoidtoxicity"""
16,manganesenitrate,inorganic,4.5,0.03,0,0,0,0,0,0,0,0,0,0,0,312000,0,0,0,0,low,40,highly,"""providesmanganeseandnitrogen""","""micronutrientandsolubleandfollowlabelratestoavoidtoxicity"""
17,sodiumchloride,inorganic,4.5,0,0,0,0,0,0,0,0,600000,0,0,0,0,0,0,0,0,low,50,highly,"""sourceofsodiumforplanthealth""","""tablesaltandcanbeharmfultoplantsinhighconcentrationsandusesparingly"""
18,insectfrass,organic,4.5,0.03,20000,2000,5000,5000,200,0,3,0,5,100,0,2,0.2,0,0.2,0,low,35,low,"""addsorganicmatterandnutrients""","""insectdroppingsandorganicmatterthatcandecomposeandreleasenutrients"""
19,zinccarbonate,inorganic,4.5,0.02,0,0,0,0,0,0,0,0,0,0,520000,0,0,0,0,0,low,50,low,"""provideszincforplanthealth""","""micronutrientandinsolubleinwateranduseassoilamendment"""
20,boricacid,inorganic,4.5,0.02,0,0,0,0,0,0,0,0,170000,0,0,0,0,0,0,0,low,50,medium,"""sourceofboronforplanthealth""","""boronsourceandsolubleandfollowlabelratestoavoidtoxicity"""
21,sodiumhydroxide,phregulator,4.5,0.03,0,0,0,0,0,0,0,0,0,0,0,0,0,0,0,0,neutral,50,highly,"""raisessoilphandsuppliessodium""","""lyeandstrongbaseandnotrecommendedforfertilizeruse"""
22,sodiumbicarbonate,phecregulator,4.5,0.02,0,0,0,0,0,0,0,0,0,0,0,0,0,0,0,0,neutral,50,highly,"""lowerssoilphandsuppliessodium""","""bakingsodaandneutralizessoilacidityandusecautiously"""
23,sulfuricacid,phecregulator,4.5,0.01,0,0,0,0,0,1000000,1,0,0,0,0,0,0,0,0,0,neutral,35,highly,"""lowerssoilphandsuppliessulfur""","""strongacidandusewithextremecautionandfollowsafetyguidelines"""
24,molasses,organic,4.5,0.02,0,0,30000,500,0,0,1,0,5,0,0,0,0,0,0,0,neutral,35,highly,"""suppliessugarsandmicronutrients""","""carbohydratesourceandfeedssoilmicrobesandusedilutedsolution"""
25,sugarcanemolasses,organic,4.5,0,0,0,100000,0,0,0,0,0,5,0,0,0,0,0,0,0,neutral,35,highly,"""suppliessugarsandmicronutrients""","""similartomolassesandcarbohydratesourceforsoilmicrobesanddilutebeforeuse"""
26,monopotassiumphosphate,inorganic,4.5,0.02,0,23000,340000,0,0,0,0,0,0,0,0,0,0,0,0,0,neutral,45,highly,"""sourceofpotassiumandphosphorus""","""mureateofpotashandgoodsourceofkwithsomepandfollowlabelrates"""
27,potassiumthiosulfate,inorganic,4.5,0.02,0,0,370000,0,0,270000,0,0,0,0,0,0,0,0,0,0,neutral,45,highly,"""suppliespotassiumandsulfur""","""solublethiosulfatesourceandmayimprovesulfuruptakeandresearchapplicationrates"""
28,sodiumphosphate,inorganic,4.5,0.03,0,20000,0,0,0,0,0,0,0,0,0,0,0,0,0,0,neutral,50,highly,"""suppliessodiumandphosphorus""","""solublesourceofphosphorusandcanbehighinsodiumandusewithcare"""
29,sodiumsulfate,inorganic,4.5,0.03,0,0,0,0,0,0,0,0,0,0,0,0,0,0,0,142000,neutral,50,highly,"""sourceofsodiumandsulfur""","""glauber'ssaltandcanimprovesoildrainageandusecautiously"""
30,magnesiumsulfate,ecregulator,4.5,0.02,0,0,0,0,99600,130000,0,0,0,0,0,0,0,0,0,0,neutral,50,highly,"""providesmagnesiumandsulfur""","""epsomsaltandsourceofmagnesiumandfollowlabelratestoavoidtoxicity"""
31,potassiumcarbonate,ecregulator,4.5,0.02,0,0,561000,0,0,0,0,0,0,0,0,0,0,0,0,0,neutral,50,highly,"""providespotassiumandimprovessoil""","""pottashandsolublepotassiumsourceandcanraisesoilph"""
32,ironoxide,inorganic,4.5,0.02,0,0,0,0,0,0,0,0,0,200000,0,0,0,0,0,0,neutral,50,insoluble,"""sourceofironforplantgrowth""","""insolubleinwateranduseassoilamendment"""
33,manganeseoxide,inorganic,4.5,0,0,0,0,0,0,0,0,0,0,0,0,550000,0,0,0,0,neutral,50,insoluble,"""suppliesmanganeseforplantprocesses""","""insolubleinwateranduseassoilamendment"""
34,nickeloxide,inorganic,4.5,0.02,0,0,0,0,0,0,0,0,0,0,0,0,0,4.1,0,0,neutral,50,insoluble,"""suppliesnickelforenzymefunction""","""insolubleinwateranduseassoilamendment"""
35,gypsum,inorganic,4.5,0.03,0,0,0,230000,0,180000,0,0,0,0,0,0,0,0,0,0,neutral,50,low,"""improvessoilstructureandprovidescalcium""","""calciumsulfateandimprovessoildrainageandcanbeusedascalciumsource"""
36,magnesiumhydroxide,inorganic,4.5,0.01,0,0,0,0,415000,0,0,0,0,0,0,0,0,0,0,0,neutral,50,low,"""suppliesmagnesiumandraisessoilph""","""milkofmagnesiaandnotrecommendedforfertilizeruse"""
37,nickelphosphate,inorganic,4.5,0,0,2000,0,0,0,0,0,0,0,0,0,0,0,2,0,0,neutral,50,low,"""providesnickelandphosphorus""","""insolubleinwaterandslow-releasenickelsource"""
38,zincphosphate,inorganic,4.5,0.02,0,2000,0,0,0,0,0,0,0,0,250000,0,0,0,0,0,neutral,50,low,"""provideszincandphosphorus""","""micronutrientandinsolubleinwaterandslow-releasezincsource"""
39,strigolactones,growthregulator,4.5,0.01,0,0,0,0,0,0,3,0,0,0,0,0,0,0,0,0,neutral,25,low,"""regulatesplantgrowthandsymbiosis""","""plantsignalingcompoundandresearchapplicationratesforspecificeffects"""
40,silicicacid,phregulator,4.5,0.02,0,0,0,0,0,0,1,0,0,0,0,0,0,0,0,0,neutral,50,medium,"""providessiliconforplantstrength""","""solubleformofsiliconandmaystrengthenplantcellwallsandresearchapplicationrates"""
41,ammoniumchloride,inorganic,5,0.07,260000,0,0,0,0,0,0,663000,0,0,0,0,0,0,0,0,high,45,highly,"""suppliesnitrogenandchlorineforplanthealth""","""solubleandusewithcautionandcanacidifysoil"""
42,monoammoniumphosphate,inorganic,5,0,120000,52000,0,0,0,0,0,0,0,0,0,0,0,0,0,0,high,45,highly,"""providesnitrogenandphosphorus""","""mapandgoodsourceofpwithsomenandfollowlabelrates"""
43,composttea,organic,5,0.01,1000,1500,4000,500,200,0,1,0,1,100,20,5,0.5,0.7,0.2,5,low,35,highly,"""microbialboostandnutrientsupply""","""liquidnutrientsupplementanddilutebeforeuseandbeneficialforsoilmicrobes"""
44,copperchelate,inorganic,5,0,0,0,0,0,0,0,140000,0,0,0,0,0,0,0,0,0,low,40,highly,"""easilyabsorbedcoppersource""","""solublecoppersourceandlessenssoilbindingandgoodforcorrectingdeficiencies"""
45,molybdenumnitrate,inorganic,5,0.03,0,0,0,0,0,0,0,0,0,0,0,0,630000,0,0,0,low,40,highly,"""providesmolybdenumandnitrogen""","""micronutrientandsolubleandfollowlabelratestoavoidtoxicity"""
46,zincsulfate,inorganic,5,0.02,0,0,0,0,0,180000,0,0,0,0,360000,0,0,0,0,0,low,50,highly,"""sourceofzincforenzymefunction""","""micronutrientandsolubleandmostcommonzincfertilizerandfollowlabelrates"""
47,earthwormhumus,organic,5,0,10000,2000,2000,5000,200,0,1,0,1,500,0,5,0.3,0.5,0.4,10,low,35,low,"""improvessoilstructureandfertility""","""soilamendmentandimprovessoilstructureandfertility"""
48,seaweedextract,organic,5,0.02,10000,2000,150000,5000,0,0,0,0,20,50,0,2,0.1,0,0.3,0,mild,35,low,"""suppliestracemineralsandgrowthhormones""","""liquidseaweedconcentrateandsourceofmicronutrientsandgrowthstimulantsanddilutebeforeuse"""
49,phosphoricacid,phecregulator,5,0.01,0,32000,0,0,0,0,0,0,0,0,0,0,0.002,0,0,0,neutral,40,highly,"""suppliesphosphorusandlowerssoilph""","""strongacidandusewithextremecautionandfollowsafetyguidelines"""
50,boricacidammonium,inorganic,5,0.02,110000,0,0,0,0,0,0,0,170000,0,0,0,0,0,0,0,neutral,40,highly,"""suppliesboronandnitrogen""","""solubleboronsourceandusewithcautionandcandamagefoliage"""
51,sodiumacetate,inorganic,5,0,0,0,0,0,0,0,0,0,0,0,0,0,0,0,0,0,neutral,45,highly,"""sourceofsodiumforplantprocesses""","""solublesodiumsourceandcanbeharmfultosomeplantsandusewithcaution"""
52,peatmoss,organic,5,0.02,0,0,0,500,200,0,0,0,1,20,0,0,0,0,0,0,neutral,35,low,"""improvessoilstructureandwaterretention""","""soilamendmentandimprovesmoistureretentionandaerationandadjustphifneeded"""
53,cytokinins,growthregulator,5,0.02,0,0,0,0,0,0,0,0,0,0,0,0,0,0,0,0,neutral,25,low,"""promotescelldivisionandgrowth""","""planthormoneandresearchapplicationratesforspecificcropsandcanbepotent"""
54,polyamines,growthregulator,5,0.01,0,0,0,0,0,0,0,0,0,0,0,0,0,0,0,0,neutral,30,low,"""promotesplantgrowthandstresstolerance""","""improvesplantstresstoleranceandresearchapplicationratesforspecificcrops"""
55,ammoniumsulfate,inorganic,5.2,0.08,210000,0,0,0,0,240000,0,0,0,0,0,0,0,0,0,0,high,45,highly,"""suppliesnitrogenandsulfurforplantgrowth""","""acidifyingfertilizerandusewithcautionaroundsensitiveplants"""
56,ammoniumnitrate,inorganic,5.5,0.08,340000,0,0,0,0,0,0,0,0,0,0,0,0,0,0,0,dangerous,50,highly,"""fast-releasenitrogensourceforgrowth""","""highlysolubleanduseinmoderationandcanbecaustic"""
57,sodiumnitrate,inorganic,5.5,0.01,160000,0,0,0,0,0,0,0,0,0,0,0,0,0,0,161000,high,50,highly,"""providessodiumandnitrogen""","""chileansaltpeterandsourceofsodiumandnitrogenandusewithcautionduetohighsaltcontent"""
58,borax,inorganic,5.5,0,0,0,0,0,0,0,0,0,110000,0,0,0,0,0,0,0,low,45,highly,"""suppliesboronforcellwalldevelopment""","""boronsourceandsolubleandfollowlabelratestoavoidtoxicity"""
59,coppersulfate,inorganic,5.5,0.02,0,0,0,0,0,200000,250000,0,0,0,0,0,0,0,0,0,low,50,highly,"""providescopperforenzymeactivity""","""fungicideandsolubleandfollowlabelratestoavoidphytotoxicity"""
60,molybdenumsulfate,inorganic,5.5,0.03,0,0,0,0,0,0,0,0,0,0,0,0,530000,0,0,0,low,50,highly,"""suppliesmolybdenumforenzymeactivity""","""micronutrientandsolubleandfollowlabelratestoavoidtoxicity"""
61,nickelacetate,inorganic,5.5,0,0,0,0,0,0,0,0,0,0,0,0,0,0,2.5,0,0,low,40,highly,"""sourceofnickelforenzymefunction""","""micronutrientandsolubleandfollowlabelratestoavoidtoxicity"""
62,nickelnitrate,inorganic,5.5,0.03,0,0,0,0,0,0,0,0,0,0,0,0,0,3.5,0,0,low,40,highly,"""providesnickelandnitrogen""","""micronutrientandsolubleandfollowlabelratestoavoidtoxicity"""
63,zincedta,inorganic,5.5,0.03,0,0,0,0,0,0,0,0,0,0,150000,0,0,0,0,0,low,40,highly,"""stablezincsourceforplants""","""chelatedzincandimprovesmicronutrientuptakeandfollowlabelrates"""
64,zincnitrate,inorganic,5.5,0.02,0,0,0,0,0,0,0,0,0,0,230000,0,0,0,0,0,low,40,highly,"""provideszincandnitrogen""","""micronutrientandsolubleandfollowlabelratestoavoidtoxicity"""
65,soybeanmeal,organic,5.5,0,70000,5000,28000,2000,200,0,0,0,10,50,20,5,0.2,0,0.2,10,low,35,insoluble,"""addsorganicmatterandnitrogen""","""organicnitrogensourceandslow-releaseandusemoderatelyduetohighnitrogencontent"""
66,kelpmeal,organic,5.5,0.03,10000,2000,8000,7000,500,10000,1,0,20,500,0,5,0.3,0,0.2,5,low,35,low,"""suppliestracemineralsandgrowthhormones""","""seaweedmealandsourceofmicronutrientsandorganicmatter"""
67,manganesecarbonate,inorganic,5.5,0.02,0,0,0,0,0,0,0,0,0,0,0,480000,0,0,0,0,low,50,low,"""providesmanganeseforplanthealth""","""micronutrientandinsolubleinwateranduseassoilamendment"""
68,nickelcarbonate,inorganic,5.5,0.02,0,0,0,0,0,0,0,0,0,0,0,0,0,1.2,0,0,low,50,low,"""providesnickelforplanthealth""","""micronutrientandinsolubleinwateranduseassoilamendment"""
69,nickelhydroxide,inorganic,5.5,0.03,0,0,0,0,0,0,0,0,0,0,0,0,0,1.5,0,0,low,50,low,"""sourceofnickelforgrowthprocesses""","""insolubleinwateranduseassoilamendment"""
70,fishemulsion,organic,5.5,0.01,50000,10000,5000,5000,150,10000,2,0,5,500,10,2,0,0,0.2,0,mild,35,highly,"""highnitrogenandnutrientcontent""","""liquidorganicfertilizeranddilutebeforeuseandfollowlabelrates"""
71,sodiumcarbonate,phecregulator,5.5,0,0,0,0,0,0,0,0,0,0,0,0,0,0,0,0,0,neutral,50,highly,"""suppliessodiumandraisessoilph""","""sodaashandraisessoilphandnotrecommendedformostplants"""
72,earthwormcastingstea,organic,5.5,0,500,1000,1000,2500,200,500,1,0,1,100,0,5,0.3,0.2,0.3,10,neutral,35,highly,"""nutrient-richorganicfertilizer""","""liquidnutrientsupplementanddilutebeforeuseandrichinmicrobes"""
73,granubor,inorganic,5.5,0,0,0,0,0,0,0,0,0,200000,0,0,0,0,0,0,0,neutral,45,highly,"""providesboronforplantgrowth""","""granularboronfertilizerandsolubleandfollowlabelratestoavoidtoxicity"""
74,molybdenumchelate,inorganic,5.5,0.02,0,0,0,0,0,0,0,0,0,0,0,0,700000,0,0,0,neutral,40,highly,"""easilyabsorbedmolybdenumsource""","""solublemolybdenumsourceandimprovesmicronutrientuptakeandresearchapplicationrates"""
75,potassiumhypochlorite,inorganic,5.5,0.03,0,0,0,0,0,0,0,0,0,0,0,0,0,0,0,0,neutral,50,highly,"""providespotassiumandcontrolspathogens""","""bleachandnotrecommendedforfertilizeruse"""
76,potassiumpolyphosphate,inorganic,5.5,0.03,0,24000,230000,0,0,0,0,0,0,0,0,0,0,0,0,0,neutral,45,highly,"""providessustainedpotassiumrelease""","""slow-releasesourceofpotassiumandfollowlabelrates"""
77,sodiumhypochlorite,inorganic,5.5,0.02,0,0,0,0,0,0,0,0,0,0,0,0,0,0,0,0,neutral,50,highly,"""providessodiumandcontrolspathogens""","""bleachandnotrecommendedforfertilizeruse"""
78,sodiumthiosulfate,inorganic,5.5,0.03,0,0,0,0,0,240000,0,0,0,0,0,0,0,0,0,157000,neutral,45,highly,"""suppliessodiumandsulfur""","""solublethiosulfatesourceandmayimprovesulfuruptakeandresearchapplicationrates"""
79,solubor,inorganic,5.5,0.03,0,0,0,0,0,0,0,0,200000,0,0,0,0,0,0,0,neutral,45,highly,"""providesboronforplantgrowth""","""solubleboronfertilizerandfollowlabelratestoavoidplantdamage"""
80,nitricacid,ecregulator,5.5,0,0,0,0,0,0,0,0,0,0,0,0,0,0,0,0,0,neutral,35,highly,"""lowerssoilphandsuppliesnitrogen""","""strongacidandnotrecommendedforfertilizeruse"""
81,ricehulls,organic,5.5,0.03,0,0,0,500,0,0,0,0,0,10,0,0,0,0,0,0,neutral,35,insoluble,"""improvessoilstructureandaeration""","""organicmatterandslow-releasenutrientsandimprovessoilaeration"""
82,zeolite,mixed,5.5,0,0,0,0,0,0,0,3,0,0,20,0,5,0,0,0,0,neutral,50,insoluble,"""enhancessoilnutrientretention""","""hydratedaluminosilicatemineralandimprovessoildrainageandcationexchangecapacity"""
83,granitemeal,inorganic,5.5,0,0,0,0,0,0,0,1,0,0,50,0,0,0,0,0.2,0,neutral,50,insoluble,"""addstracemineralstosoil""","""slow-releasesourceofmineralsandimprovessoildrainageandaeration"""
84,silicaterockdust,inorganic,5.5,0.01,0,0,0,0,200000,0,0,0,0,2000,0,2,0,0,0.2,0,neutral,50,insoluble,"""addstracemineralstosoil""","""slow-releasesourceofsiliconandotherminerals"""
85,mycorrhizalinoculants,organic,5.5,0.01,0,0,0,0,0,0,0,0,0,0,0,0,0,0,0,0,neutral,35,low,"""enhancesnutrientuptakethroughfungi""","""beneficialfungiandpromotesnutrientuptakeandfollowinstructions"""
86,magnesiumphosphate,inorganic,5.5,0.02,0,2000,0,0,200000,0,0,0,0,0,0,0,0,0,0,0,neutral,50,low,"""providesmagnesiumandphosphorus""","""insolubleinwaterandslow-releasemagnesiumsource"""
87,manganesehydroxide,inorganic,5.5,0.01,0,0,0,0,0,0,0,0,0,0,0,0,0,0,0,0,neutral,50,low,"""sourceofmanganeseforplantgrowth""","""insolubleinwateranduseassoilamendment"""
88,molybdenumphosphate,inorganic,5.5,0.02,0,1000,0,0,0,0,0,0,0,0,0,0,300000,0,0,0,neutral,50,low,"""providesmolybdenumandphosphorus""","""insolubleinwaterandslow-releasemolybdenumsource"""
89,boronoxide,inorganic,5.5,0.01,0,0,0,0,0,0,0,0,0,0,0,0,0,0,0,0,neutral,50,medium,"""suppliesboronforgrowthprocesses""","""verysolubleanduseextremecautionduetohightoxicity"""
90,magnesiumgluconate,inorganic,5.5,0.03,0,0,0,0,110000,0,0,0,0,0,0,0,0,0,0,0,neutral,40,medium,"""easilyabsorbedmagnesiumforplanthealth""","""solublemagnesiumsourceandgoodforcorrectingdeficiencies"""
91,molybdenumcarbonate,inorganic,5.5,0.03,0,0,0,0,0,0,0,0,0,0,0,0,390000,0,0,0,neutral,50,medium,"""sourceofmolybdenumforenzymefunction""","""micronutrientandinsolubleinwateranduseassoilamendment"""
92,zinccitrate,inorganic,5.5,0.03,0,0,0,0,0,0,0,0,0,0,310000,0,0,0,0,0,neutral,40,medium,"""easilyabsorbedzincsource""","""chelatedzincandimprovesmicronutrientuptakeandresearchapplicationrates"""
93,zincgluconate,inorganic,5.5,0,0,0,0,0,0,0,0,0,0,0,140000,0,0,0,0,0,neutral,40,medium,"""easilyabsorbedzincforplants""","""micronutrientandsolubleandfollowlabelratestoavoidtoxicity"""
94,bloodandbonemealmix,organic,6,0.03,80000,10000,2000,2500,100,10000,2,0,5,300,90,0,0.1,0.8,0.5,0,high,35,low,"""highnitrogenandphosphorusforstronggrowth""","""organicsourceofnandpandandcalciumandfollowlabelrates"""
95,feathermeal,organic,6,0.01,120000,0,0,0,0,0,1,0,5,0,0,0,0,0.4,0.1,0,high,35,low,"""slow-releasenitrogensource""","""slow-releasenitrogensourceandusemoderatelyduetohighnitrogencontent"""
96,cobaltchloride,inorganic,6,0.02,0,0,0,0,0,0,0,481000,0,0,0,0,0,0,256,0,low,50,highly,"""suppliescobaltforplantmetabolism""","""micronutrientandsolubleandfollowlabelratestoavoidtoxicity"""
97,ferroussulfate,inorganic,6,0.01,0,0,0,0,0,200000,0,0,0,200000,0,0,0,0,0,0,low,50,highly,"""suppliesironforchlorophyllproduction""","""ironsulfateandsourceofironandgoodforcorrectingdeficiencies"""
98,manganesesulfate,inorganic,6,0,0,0,0,0,0,200000,0,0,0,0,0,310000,0,0,0,0,low,50,highly,"""sourceofmanganeseforenzymefunction""","""micronutrientandsolubleandfollowlabelratestoavoidtoxicity"""
99,nickelsulfate,inorganic,6,0,0,0,0,0,0,180000,0,0,0,0,0,0,0,5,0,0,low,50,highly,"""sourceofnickelforenzymeactivity""","""micronutrientandsolubleandfollowlabelratestoavoidtoxicity"""
100,cottonseedmeal,organic,6,0.02,60000,6000,40000,1000,200,0,5,0,20,50,20,5,0.1,0.9,0.2,20,low,35,insoluble,"""addsorganicmatterandnitrogen""","""nitrogensourceandslow-releaseandusemoderatelyduetogossypolcontent"""
101,coppercarbonate,inorganic,6,0.01,0,0,0,0,0,0,310000,0,0,0,0,0,0,0,0,0,low,50,low,"""providescopperforenzymefunction""","""fungicideandinsolubleinwateranduseassoildrench"""
102,ironcitrate,inorganic,6,0.04,0,0,0,0,0,0,0,0,0,150000,0,0,0,0,0,0,low,40,medium,"""suppliesironforplanthealth""","""chelatedironandimprovesmicronutrientuptakeandresearchapplicationrates"""
103,citricacid,phecregulator,6,0.03,0,0,0,0,0,0,0,0,0,0,0,0,0,0,0,0,neutral,35,highly,"""lowerssoilphandimprovesnutrientuptake""","""lowerssoilphandusecautiouslyandcandamageplantsinhighconcentrations"""
104,copperfulvate,inorganic,6,0.04,0,0,0,0,0,0,100000,0,0,0,0,0,0,0,0,0,neutral,35,highly,"""enhancesnutrientuptake""","""humicacidcomplexedcopperandimprovesmicronutrientuptakeandresearchapplicationrates"""
105,fertibor,inorganic,6,0,0,0,0,0,0,0,0,0,200000,0,0,0,0,0,0,0,neutral,40,highly,"""providesboronforcellwallstrength""","""boronfertilizerandsolubleandfollowlabelratestoavoidplantdamage"""
106,magnesiumsilicate,inorganic,6,0.02,0,0,0,0,200000,0,0,0,0,0,0,0,0,0,0,0,neutral,50,insoluble,"""suppliesmagnesiumandimprovessoil""","""scratchintosoilsurfaceandlightapplication"""
107,auxins,growthregulator,6,0,0,0,0,0,0,0,0,0,0,0,0,0,0,0,0,0,neutral,25,low,"""promotesrootandshootdevelopment""","""planthormoneandusewithextremecautionduetopotency"""
108,jasmonicacid,growthregulator,6,0.03,0,0,0,0,0,0,0,0,0,0,0,0,0,0,0,0,neutral,25,low,"""regulatesplantstressanddefense""","""plantsignalingcompoundandresearchapplicationratesforspecificeffects"""
109,cobaltcitrate,inorganic,6,0.03,0,0,0,0,0,0,0,0,0,0,0,0,0,0,24,0,neutral,40,medium,"""sourceofcobaltforplanthealth""","""chelatedcobaltandimprovesmicronutrientuptakeandresearchapplicationrates"""
110,manganesecitrate,inorganic,6,0.02,0,0,0,0,0,0,0,0,0,0,0,214000,0,0,0,0,neutral,40,medium,"""easilyabsorbedmanganesesource""","""chelatedmanganeseandimprovesmicronutrientuptakeandresearchapplicationrates"""
111,nickelcitrate,inorganic,6,0.02,0,0,0,0,0,0,0,0,0,0,0,0,0,3,0,0,neutral,40,medium,"""easilyabsorbednickelsource""","""chelatednickelandimprovesmicronutrientuptakeandresearchapplicationrates"""
112,ammoniumphosphate,inorganic,6.2,0.06,110000,23000,0,0,0,0,0,0,0,0,0,0,0,0,0,0,high,45,medium,"""providesnitrogenandphosphorusforrootdevelopment""","""goodsourceofnandpandfollowlabelrates"""
113,alfalfamealtea,organic,6.2,0,250,400,5000,5000,40,1000,1,0,2,10,100,1,0.04,0.1,0.1,5,neutral,35,highly,"""providesaquicknutrientboosttoplants""","""steep1-2lbs/gallonforadayanddilutebeforeuse"""
114,boricacidpotassium,inorganic,6.2,0.02,0,0,0,0,0,0,0,0,170000,0,0,0,0,0,0,0,neutral,40,highly,"""providesboronandpotassium""","""solubleboronsourceandusewithcautionandcandamagefoliage"""
115,calciumcitrate,inorganic,6.2,0,0,0,0,210000,0,0,0,0,0,0,0,0,0,0,0,0,neutral,40,medium,"""sourceofcalciumforplanthealth""","""chelatedcalciumandlessenssoilphimpactandgoodforfoliarapplication"""
116,ammoniummolybdate,inorganic,6.5,0.07,110000,0,0,0,0,0,0,0,0,0,0,0,540000,0,0,0,high,35,highly,"""sourceofmolybdenumforenzymefunction""","""micronutrientanddilutewellandfoliarorsoilapplication"""
117,ammoniumphosphite,inorganic,6.5,0.06,110000,18000,0,0,0,0,0,0,0,0,0,0,0,0,0,0,high,40,highly,"""suppliesphosphorusandaidsdiseaseresistance""","""fungaldiseasecontrolandfollowlabelratesformixing"""
118,diammoniumphosphate,inorganic,6.5,0,180000,45000,0,0,0,0,0,0,0,0,0,0,0,0,0,0,high,45,highly,"""suppliesnitrogenandphosphorus""","""dapandgoodsourceofnandpandfollowlabelrates"""
119,potassiumnitrate,inorganic,6.5,0.02,130000,0,380000,0,0,0,0,0,0,0,0,0,0,0,0,0,high,50,highly,"""providespotassiumandnitrogen""","""saltpeterandsolublesourceofkandnandfollowlabelrates"""
120,bloodmeal,organic,6.5,0.02,120000,0,0,0,0,0,3,0,5,0,0,0,0,0.6,0.2,0,high,35,low,"""richnitrogensourceforrapidgrowth""","""highinnitrogenandusemoderatelyandcanattractpests"""
121,coppernitrate,inorganic,6.5,0.03,0,0,0,0,0,0,370000,0,0,0,0,0,0,0,0,0,low,40,highly,"""providescopperandnitrogen""","""solublecoppersourceandhighlysolubleanddilutewellforfoliarapplication"""
122,manganesechloride,inorganic,6.5,0.01,0,0,0,0,0,0,0,0,0,0,0,268000,0,0,0,0,low,50,highly,"""suppliesmanganeseforenzymeactivity""","""micronutrientandsolubleandfollowlabelratestoavoidtoxicity"""
123,nickelchloride,inorganic,6.5,0.02,0,0,0,0,0,0,0,0,0,0,0,0,0,5.1,0,0,low,50,highly,"""suppliesnickelforenzymeprocesses""","""micronutrientandsolubleandfollowlabelratestoavoidtoxicity"""
124,zincacetate,inorganic,6.5,0,0,0,0,0,0,0,1,0,0,0,300000,0,0,0,0,0,low,40,highly,"""sourceofzincforenzymefunction""","""micronutrientandsolubleandfollowlabelratestoavoidtoxicity"""
125,alfalfameal,organic,6.5,0,25000,800,25000,22000,200,5000,2,0,20,50,70,2,0.2,1,0.2,50,low,35,insoluble,"""enhancessoilorganicmatterandnutrientcontent""","""broadcastbeforeplantingortillintosoil"""
126,copperhydroxide,inorganic,6.5,0.04,0,0,0,0,0,0,400000,0,0,0,0,0,0,0,0,0,low,50,low,"""sourceofcopperforenzymeprocesses""","""bordeauxmixandfungicideandfollowlabelratestoavoidphytotoxicity"""
127,greenmanure,organic,6.5,0,25000,4000,2500,5000,0,0,2,0,10,30,0,2,0.2,0,0.1,0,mild,35,low,"""improvessoilorganicmatterandnutrients""","""covercropandaddsnitrogentosoilwhentilledunder"""
128,coconutwater,organic,6.5,0.03,0,0,0,0,0,0,0,0,0,0,10,0,0,0,0,0,neutral,35,highly,"""containsgrowthhormonesandnutrients""","""plantstimulantanddilutebeforeuseandresearchapplicationrates"""
129,calciumacetate,inorganic,6.5,0.02,0,0,0,253000,0,0,0,0,0,0,0,0,0,0,0,0,neutral,40,highly,"""providescalciumandreducessoilph""","""solublecalciumsourceandusewithcautionandcanraisesoilph"""
130,calciumchloride,inorganic,6.5,0.04,0,0,0,273000,0,0,0,640000,0,0,0,0,0,0,0,0,neutral,50,highly,"""providescalciumandimprovessoilstructure""","""solublecalciumsourceandcanbecorrosiveandhandlewithcare"""
131,hydrochloricacid,inorganic,6.5,0.03,0,0,0,0,0,0,0,0,0,0,0,0,0,0,0,0,neutral,35,highly,"""lowerssoilph""","""verystrongacidandnotrecommendedforfertilizeruse"""
132,sodiumsilicate,inorganic,6.5,0.03,0,0,0,0,0,0,0,0,0,0,0,0,0,0,0,276000,neutral,50,highly,"""providessodiumandsilicon""","""solublesilicatesourceandmayimproveplantstresstoleranceandresearchapplicationrates"""
133,betaines,growthregulator,6.5,0,0,0,0,0,0,0,0,0,0,0,0,0,0,0,0,0,neutral,30,highly,"""enhancesplantstresstolerance""","""osmoprotectantandresearchapplicationratesforspecificcrops"""
134,basaltdust,inorganic,6.5,0,0,0,0,0,8000,0,1,0,200,2000,300,5,0,0.5,0.2,0,neutral,50,insoluble,"""improvessoilstructureandmineralcontent""","""volcanicrockdustandslow-releasesourceofminerals"""
135,calciumsilicate,inorganic,6.5,0,0,0,0,200000,0,0,0,0,0,0,0,0,0,0,0,0,neutral,50,insoluble,"""improvessoilstructureandprovidescalcium""","""providescalciumandsiliconandslow-releaseandgoodforsoilhealth"""
136,ironsilicate,inorganic,6.5,0.02,0,0,0,0,0,0,0,0,0,200000,0,0,0,0,0,0,neutral,50,insoluble,"""suppliesironandimprovessoil""","""scratchintosoilsurfaceandlightapplication"""
137,calciumsulfate,inorganic,6.5,0,0,0,0,230000,0,180000,0,0,0,0,0,0,0,0,0,0,neutral,50,low,"""suppliescalciumandsulfurforgrowth""","""gypsumandimprovessoildrainageandcanbeusedascalciumsource"""
138,molybdenumoxide,inorganic,6.5,0.03,0,0,0,0,0,0,0,0,0,0,0,0,660000,0,0,0,neutral,50,low,"""sourceofmolybdenumforplantgrowth""","""insolubleinwateranduseassoilamendment"""
139,zincoxide,inorganic,6.5,0.03,0,0,0,0,0,0,0,0,0,0,490000,0,0,0,0,0,neutral,50,low,"""sourceofzincforplantgrowth""","""micronutrientandinsolubleinwateranduseassoilamendment"""
140,gibberellins,growthregulator,6.5,0.03,0,0,0,0,0,0,0,0,0,0,0,0,0,0,0,0,neutral,25,low,"""promotesstemelongationandgrowth""","""planthormoneandpromotesgrowthandresearchapplicationratesforspecificcrops"""
141,calciumlactate,inorganic,6.5,0,0,0,0,130000,0,0,0,0,0,0,0,0,0,0,0,0,neutral,40,medium,"""calciumsourcethatiseasilyabsorbed""","""chelatedcalciumandlessenssoilphimpactandgoodforfoliarapplication"""
142,irongluconate,inorganic,6.5,0.02,0,0,0,0,0,0,0,0,0,120000,0,0,0,0,0,0,neutral,40,medium,"""easilyabsorbedironforchlorophyll""","""solubleironsourceandgoodforcorrectingdeficiencies"""
143,manganesegluconate,inorganic,6.5,0,0,0,0,0,0,0,0,0,0,0,0,144000,0,0,0,0,neutral,40,medium,"""easilyabsorbedmanganeseforplants""","""solublemanganesesourceandgoodforcorrectingdeficiencies"""
144,calciumnitrate,inorganic,6.8,0.02,150000,0,0,170000,0,0,0,0,0,0,0,0,0,0,0,0,high,45,highly,"""fast-actingcalciumandnitrogensource""","""water-solublesourceofnandcaandfollowlabelrates"""
145,ironedta,inorganic,6.8,0.04,0,0,0,0,0,0,0,0,0,130000,0,0,0,0,0,0,low,40,highly,"""stableironsourceforplants""","""chelatedironandimprovesmicronutrientuptakeandfollowlabelrates"""
146,bonemeal,organic,6.8,0.01,20000,20000,0,240000,0,0,1,0,5,0,60,0,0,0.2,0.1,0,mild,35,low,"""providesphosphorusandcalciumforroots""","""slow-releasephosphorussourceandgoodforrootdevelopment"""
147,vermicomposttea,organic,6.8,0,500,1500,3000,2500,200,500,0,0,1,100,0,2,0.2,0,0.2,5,neutral,35,highly,"""nutrient-richorganicfertilizer""","""liquidnutrientsupplementanddilutebeforeuseandrichinmicrobesandnutrients"""
148,boronnitrate,inorganic,6.8,0.01,0,0,0,0,0,0,0,0,170000,0,0,0,0,0,0,0,neutral,40,highly,"""sourceofboronforenzymefunction""","""solubleboronsourceandhighlysolubleanddilutewellforfoliarapplication"""
149,magnesiumacetate,inorganic,6.8,0.03,0,0,0,0,110000,0,0,0,0,0,0,0,0,0,0,0,neutral,40,highly,"""providesmagnesiumforchlorophyllproduction""","""solublemagnesiumsourceandusewithcautionandcanraisesoilph"""
150,potassiumphosphate,inorganic,6.8,0.02,0,23000,230000,0,0,0,0,0,0,0,0,0,0,0,0,0,neutral,45,highly,"""sourceofpotassiumandphosphorus""","""solublesourceofkandpandgoodforimmediatenutrientneeds"""
151,potassiumsulfate,ecregulator,6.8,0.03,0,0,430000,0,0,180000,0,0,0,0,0,0,0,0,0,0,neutral,50,highly,"""providespotassiumandsulfur""","""sulfateofpotashandsolublesourceofkandsulfurandfollowlabelrates"""
152,aluminumsilicate,inorganic,6.8,0,0,0,0,0,0,0,0,0,0,0,0,0,0,0,0,0,neutral,50,insoluble,"""improvessoilstructureandwaterretention""","""scratchintosoilsurfaceandlightapplicationrates"""
153,azomite,inorganic,6.8,0,0,0,0,10000,10000,0,1,0,2000,5000,6000,10,20,2,0.1,0,neutral,50,insoluble,"""suppliestracemineralsforsoilhealth""","""volcanicrockdustandslow-releasesourceofminerals"""
154,calciumphosphate,inorganic,6.8,0,0,18000,0,290000,0,0,0,0,0,0,0,0,0,0,0,0,neutral,45,low,"""providescalciumandphosphorus""","""rockphosphateandslow-releasephosphorussourceandmayrequiresoilamendments"""
155,manganesephosphate,inorganic,6.8,0.01,0,2000,0,0,0,0,0,0,0,0,0,0,0,0,0,0,neutral,50,low,"""providesmanganeseandphosphorus""","""insolubleinwaterandslow-releasemanganesesource"""
156,silicagel,inorganic,6.8,0,0,0,0,0,0,0,1,0,0,0,0,0,0,0,0,0,neutral,50,low,"""improvessoilstructureandwaterretention""","""inertdesiccantandnotrecommendedforfertilizeruse"""
157,calciummolybdate,inorganic,6.8,0.05,0,0,0,120000,0,0,0,0,0,0,0,0,52000,0,0,0,neutral,40,medium,"""suppliescalciumandmolybdenum""","""micronutrientanddilutewellforfoliarorsoilapplication"""
158,ammoniumpolyphosphate,inorganic,7,0.07,100000,24000,0,0,0,0,0,0,0,0,0,0,0,0,0,0,high,45,highly,"""providessustainedphosphorusrelease""","""slow-releasefertilizerandincorporateintosoil"""
159,batguano,organic,7,0,100000,15000,15000,1000,100,10000,3,0,20,200,120,0,0.5,0.3,0.3,0,high,35,medium,"""highnitrogenandphosphorusforgrowth""","""veryhighinnutrientsandwearglovesandusewell-agedmanure"""
160,cobaltacetate,inorganic,7,0,0,0,0,0,0,0,0,0,0,0,0,0,0,0,239,0,low,40,highly,"""sourceofcobaltfornitrogenfixation""","""micronutrientandresearchapplicationratesforspecificcrops"""
161,cobaltsulfate,inorganic,7,0.03,0,0,0,0,0,180000,0,0,0,0,0,0,0,0,210,0,low,50,highly,"""providescobaltfornitrogenmetabolism""","""micronutrientandsolubleandfollowlabelratestoavoidtoxicity"""
162,copperchloride,inorganic,7,0.01,0,0,0,0,0,0,370000,372000,0,0,0,0,0,0,0,0,low,50,highly,"""suppliescopperforplanthealth""","""solublecoppersourceandcanbecorrosiveandhandlewithcare"""
163,copperedta,inorganic,7,0.02,0,0,0,0,0,0,150000,0,0,0,0,0,0,0,0,0,low,40,highly,"""stablecoppersourceforplants""","""chelatedcopperandimprovesmicronutrientuptakeandfollowlabelrates"""
164,ironchelate,inorganic,7,0.03,0,0,0,0,0,0,0,0,0,100000,0,0,0,0,0,0,low,40,highly,"""easilyabsorbedironsource""","""solubleironsourceandlessenssoilbindingandgoodforcorrectingdeficiencies"""
165,ironsulfate,inorganic,7,0.03,0,0,0,0,0,200000,0,0,0,200000,0,0,0,0,0,0,low,50,highly,"""providesironforchlorophyllproduction""","""ironsulfateandmostcommonironfertilizerandfollowlabelrates"""
166,cobaltcarbonate,inorganic,7,0.02,0,0,0,0,0,0,0,0,0,0,0,0,0,0,37,0,low,50,low,"""providescobaltforenzymeprocesses""","""micronutrientandinsolubleinwateranduseassoilamendment"""
167,batguanotea,organic,7,0,1000,7500,7500,250,20,5000,1.5,0,2,100,80,0,0.1,0.03,0.1,0,mild,35,highly,"""quick-releasenutrientsfrombatguano""","""steep1cup/gallonforadayanddilutebeforeuse"""
168,calciumhypochlorite,inorganic,7,0.03,0,0,0,170000,0,0,0,0,0,0,0,0,0,0,0,0,neutral,50,highly,"""providescalciumandcontrolssoilpathogens""","""swimmingpoolchlorineandnotrecommendedforfertilizeruse"""
169,cobaltchelate,inorganic,7,0,0,0,0,0,0,0,0,0,0,0,0,0,0,0,25,0,neutral,40,highly,"""easilyabsorbedcobaltsource""","""solubleorchelatedformandfollowlabelratesforfoliarorsoilapplication"""
170,magnesiumchloride,inorganic,7,0.03,0,0,0,0,120000,0,0,740000,0,0,0,0,0,0,0,0,neutral,50,highly,"""providesmagnesiumandimprovessoilstructure""","""solublemagnesiumsourceandcanbecorrosiveandhandlewithcare"""
171,potassiumacetate,inorganic,7,0.02,0,0,40000,0,0,0,0,0,0,0,0,0,0,0,0,0,neutral,45,highly,"""providespotassiumforplanthealth""","""solublepotassiumsourceandusewithcautionandcanraisesoilph"""
172,potassiumbicarbonate,inorganic,7,0.02,0,0,498000,0,0,0,0,0,0,0,0,0,0,0,0,0,neutral,50,highly,"""suppliespotassiumandraisessoilph""","""solublepotassiumsourceandfungicideandfollowlabelrates"""
173,potassiumchloride,inorganic,7,0.02,0,0,524000,0,0,0,0,476000,0,0,0,0,0,0,0,0,neutral,50,highly,"""sourceofpotassiumforplantgrowth""","""muriateofpotashandmostcommonpotassiumfertilizerandfollowlabelrates"""
174,coconutcoir,organic,7,0.02,0,0,0,100,100,0,0,0,0,10,20,0,0,0,0,0,neutral,35,insoluble,"""improvessoilstructureandwaterretention""","""soilamendmentandimprovesdrainageandaeration"""
175,azadirachtin,organic,7,0,0,0,0,0,0,0,0,0,0,0,0,0,0,0,0,0,neutral,30,low,"""naturalinsecticideforpestcontrol""","""neemoilextractandorganicinsecticideandfollowlabelinstructions"""
176,magnesiumcarbonate,inorganic,7,0.03,0,0,0,0,288000,0,0,0,0,0,0,0,0,0,0,0,neutral,50,low,"""suppliesmagnesiumandraisessoilph""","""dolomiteandsourceofmagnesiumandcalciumandfollowsoiltest"""
177,salicylicacid,inorganic,7,0.03,0,0,0,0,0,0,1,0,0,0,0,0,0,0,0,0,neutral,30,low,"""enhancesplantdefensemechanisms""","""plantsignalingcompoundandresearchapplicationratesforspecificeffects"""
178,coppergluconate,inorganic,7,0.03,0,0,0,0,0,0,110000,0,0,0,0,0,0,0,0,0,neutral,40,medium,"""easilyabsorbedcopperforplants""","""solublecoppersourceandgoodforcorrectingdeficiencies"""
179,ammoniumtetraborate,inorganic,7.2,0.07,130000,0,0,0,0,0,0,0,110000,0,0,0,0,0,0,0,neutral,40,highly,"""sourceofboronforcellwallstrength""","""boronsourceandhighlysolubleanddilutewellforfoliarapplication"""
180,ammoniumthiosulfate,inorganic,7.5,0.07,210000,0,0,0,0,260000,0,0,0,0,0,0,0,0,0,0,high,45,highly,"""suppliessulfurandimprovessoilph""","""sulfursourceandsolubleanduseforsulfur-deficientcrops"""
181,calciumammoniumnitrate,inorganic,7.5,0.07,270000,0,0,200000,0,0,0,0,0,0,0,0,0,0,0,0,high,45,highly,"""balancedcalciumandnitrogensource""","""water-solublesourceofnandcaandfollowlabelrates"""
182,nickeledta,inorganic,7.5,0.02,0,0,0,0,0,0,0,0,0,0,0,0,0,2.8,0,0,low,40,highly,"""stablenickelsourceforplants""","""chelatednickelandimprovesmicronutrientuptakeandfollowlabelrates"""
183,neemcake,organic,7.5,0.02,30000,2000,17000,2000,100,5000,1,0,10,10,0,2,0.3,0,0.1,10,low,35,low,"""addsorganicmatterandrepelspests""","""repelsinsectsandsuppressessoilbornediseases"""
184,potassiummolybdate,inorganic,7.5,0.02,0,0,46000,0,0,0,0,0,0,0,0,0,460000,0,0,0,neutral,45,highly,"""sourceofpotassiumandmolybdenum""","""micronutrientandsolubleandfollowlabelratestoavoidtoxicity"""
185,sodiummolybdate,inorganic,7.5,0,0,0,0,0,0,0,0,0,0,0,0,0,450000,0,0,391000,neutral,45,highly,"""sourceofsodiumandmolybdenum""","""micronutrientandsolubleandfollowlabelratestoavoidtoxicity"""
186,ethylene,growthregulator,7.5,0.01,0,0,0,0,0,0,0,0,0,0,0,0,0,0,0,0,neutral,30,highly,"""regulatesfruitripeningandgrowth""","""gaseousplanthormoneandresearchapplicationratesforspecificripeningeffects"""
187,perlite,mixed,7.5,0.01,0,0,0,0,0,0,0,0,0,0,0,0,0,0,0,0,neutral,50,insoluble,"""improvessoilaerationanddrainage""","""inertvolcanicrockandimprovesdrainageandaeration"""
188,copperoxide,inorganic,7.5,0.04,0,0,0,0,0,0,750000,0,0,0,0,0,0,0,0,0,neutral,50,insoluble,"""suppliescopperforgrowthprocesses""","""insolubleinwateranduseassoilamendment"""
189,diatomaceousearth,inorganic,7.5,0.01,0,0,0,0,0,0,0,0,200,50,0,0,0,0,0,0,neutral,50,insoluble,"""improvessoilaerationandwaterretention""","""notafertilizerandcontrolsinsectsphysicallyandavoidinhalation"""
190,calciumcarbonate,phecregulator,7.5,0,0,0,0,400000,0,0,0,0,0,0,0,0,0,0,0,0,neutral,50,low,"""raisessoilphandprovidescalcium""","""limingmaterialandraisessoilphandapplyaccordingtosoiltest"""
191,magnesiumoxide,inorganic,7.5,0,0,0,0,0,600000,0,0,0,0,0,0,0,0,0,0,0,neutral,50,low,"""sourceofmagnesiumforplantgrowth""","""magnesiaandslow-releasemagnesiumsourceandmayrequiresoilamendments"""
192,dolomitelime,ecregulator,7.5,0,0,0,0,200000,120000,0,0,0,0,0,0,0,0,0,0,0,neutral,50,low,"""raisessoilphandsuppliesmagnesium""","""limingmaterialandraisessoilmagnesiumandcalciumlevelsandfollowsoiltest"""
193,magnesiumcitrate,inorganic,7.5,0.03,0,0,0,0,110000,0,0,0,0,0,0,0,0,0,0,0,neutral,40,medium,"""easilyabsorbedmagnesiumsource""","""chelatedmagnesiumandlessenssoilphimpactandgoodforfoliarapplication"""
194,ammoniumbicarbonate,inorganic,7.8,0.03,170000,0,0,0,0,0,0,0,0,0,0,0,0,0,0,0,high,40,highly,"""providesnitrogenforplantgrowth""","""solubleanduseinlightwateringforacid-lovingplants"""
195,cobaltnitrate,inorganic,8,0.02,0,0,0,0,0,0,0,0,0,0,0,0,0,0,290,0,low,40,highly,"""sourceofcobaltforenzymefunction""","""micronutrientandsolubleandfollowlabelratestoavoidtoxicity"""
196,zincchloride,inorganic,8,0,0,0,0,0,0,0,0,475000,0,0,480000,0,0,0,0,0,low,50,highly,"""supplieszincforenzymeactivity""","""micronutrientandsolubleandfollowlabelratestoavoidtoxicity"""
197,potassiumhydroxide,phecregulator,8,0.01,0,0,697000,0,0,0,0,0,0,0,0,0,0,0,0,0,neutral,50,highly,"""raisessoilphandsuppliespotassium""","""lyeandstrongbaseandnotrecommendedforfertilizeruse"""
198,cobaltoxide,inorganic,8,0.02,0,0,0,0,0,0,0,0,0,0,0,0,0,0,70,0,neutral,50,insoluble,"""suppliescobaltforplantprocesses""","""insolubleinwateranduseassoilamendment"""
199,elementalsulfur,inorganic,8,0.03,0,0,0,0,0,1000000,0,0,0,0,0,0,0,0,0,0,neutral,45,insoluble,"""lowerssoilphandsuppliessulfur""","""slow-releasesulfursourceandapplyaccordingtosoiltest"""
200,cobalthydroxide,inorganic,8,0.03,0,0,0,0,0,0,0,0,0,0,0,0,0,0,100,0,neutral,50,low,"""providescobaltforgrowthprocesses""","""insolubleinwateranduseassoilamendment"""
201,rockphosphate,inorganic,8,0.03,0,13000,0,0,0,0,1,0,0,0,0,0,0,0,0,0,neutral,50,low,"""slow-releasephosphorussource""","""insolublephosphorussourceandrequiresgrindingorcompostingforbetteravailability"""
202,cobaltgluconate,inorganic,8,0.02,0,0,0,0,0,0,0,0,0,0,0,0,0,0,10,0,neutral,40,medium,"""easilyabsorbedcobaltforplants""","""micronutrientandsolubleandfollowlabelratestoavoidtoxicity"""
203,wormcastings,organic,8.5,0.03,10000,2000,2000,5000,100,0,0,0,1,100,0,2,0.2,0,0.4,0,mild,35,low,"""improvessoilstructureandfertility""","""castingsofearthwormsandorganicfertilizerrichinnutrientsandmicrobes"""
204,seaweedextracttea,organic,8.5,0.03,100,1000,75000,1000,0,0,2,0,2,25,0,1,0.05,0,0.1,0,neutral,35,highly,"""quicknutrientboostfromseaweed""","""madefromseaweedextractanddilutebeforeuseandbeneficialforsoilmicrobes"""
205,potassiumsilicate,inorganic,8.5,0.02,0,0,120000,0,0,0,0,0,0,0,0,0,0,0,0,0,neutral,50,highly,"""suppliespotassiumandimprovessoilstructure""","""solublesilicatesourceandmaystrengthenplantcellwallsandresearchapplicationrates"""
206,calciumhydroxide,inorganic,9,0.03,0,0,0,540000,0,0,0,0,0,0,0,0,0,0,0,0,neutral,50,low,"""raisessoilphandsuppliescalcium""","""slakedlimeandraisessoilphandapplyaccordingtosoiltest"""
207,calciumgluconate,inorganic,12.4,0,0,0,0,93000,0,0,0,0,0,0,0,0,0,0,0,0,neutral,40,medium,"""easilyabsorbedcalciumsource""","""solublecalciumsourceandgoodforcorrectingdeficiencies"""
