fertilizer_name,type,ph,ec,nirtogen,phosphorus,potassium,calcium,magnesium,sulfur,iron,maganese,zinc,copper,boron,molybdenum,chlorine,nickel,cobalt,sodium,toxicity,temperature,solubility,role,remark
acetic acid,ph regulator,3.00,0.02,0.00,0.00,0.00,0.00,0.00,0.00,0.00,0.00,0.00,0.00,0.00,0.00,0.00,0.00,0.00,0.00, neutral,30.00, highly," ""Reduces soil pH and improves nutrient availability""",Dilute to 2-5% solutionand avoid contact with eyes/skin
silicic acid,ph regulator,4.50,0.02,0.00,0.00,0.00,0.00,0.00,0.00,0.00,0.00,0.00,1.00,0.00,0.00,0.00,0.00,0.00,0.00, neutral,50.00, medium," ""Provides silicon for plant strength""",Soluble form of siliconand may strengthen plant cell wallsand research application rates
sodium hydroxide,ph regulator,4.50,0.03,0.00,0.00,0.00,0.00,0.00,0.00,0.00,0.00,0.00,0.00,0.00,0.00,0.00,0.00,0.00,0.00, neutral,50.00, highly," ""Raises soil pH and supplies sodium""",Lyeand strong baseand not recommended for fertilizer use
calcium carbonate,ph ec regulator,7.50,0.00,0.00,0.00,0.00,400000.00,0.00,0.00,0.00,0.00,0.00,0.00,0.00,0.00,0.00,0.00,0.00,0.00, neutral,50.00, low," ""Raises soil pH and provides calcium""",Liming materialand raises soil pHand apply according to soil test
citric acid,ph ec regulator,6.00,0.03,0.00,0.00,0.00,0.00,0.00,0.00,0.00,0.00,0.00,0.00,0.00,0.00,0.00,0.00,0.00,0.00, neutral,35.00, highly," ""Lowers soil pH and improves nutrient uptake""",Lowers soil pHand use cautiouslyand can damage plants in high concentrations
phosphoric acid,ph ec regulator,5.00,0.01,0.00,32000.00,0.00,0.00,0.00,0.00,0.00,0.00,0.00,0.00,0.00,,0.00,0.00,0.00,0.00, neutral,40.00, highly," ""Supplies phosphorus and lowers soil pH""",Strong acidand use with extreme cautionand follow safety guidelines
potassium hydroxide,ph ec regulator,8.00,0.01,0.00,0.00,697000.00,0.00,0.00,0.00,0.00,0.00,0.00,0.00,0.00,0.00,0.00,0.00,0.00,0.00, neutral,50.00, highly," ""Raises soil pH and supplies potassium""",Lyeand strong baseand not recommended for fertilizer use
sodium bicarbonate,ph ec regulator,4.50,0.02,0.00,0.00,0.00,0.00,0.00,0.00,0.00,0.00,0.00,0.00,0.00,0.00,0.00,0.00,0.00,0.00, neutral,50.00, highly," ""Lowers soil pH and supplies sodium""",Baking sodaand neutralizes soil acidityand use cautiously
sodium carbonate,ph ec regulator,5.50,0.00,0.00,0.00,0.00,0.00,0.00,0.00,0.00,0.00,0.00,0.00,0.00,0.00,0.00,0.00,0.00,0.00, neutral,50.00, highly," ""Supplies sodium and raises soil pH""",Soda ashand raises soil pHand not recommended for most plants
sulfuric acid,ph ec regulator,4.50,0.01,0.00,0.00,0.00,0.00,0.00,1000000.00,0.00,0.00,0.00,1.00,0.00,0.00,0.00,0.00,0.00,0.00, neutral,35.00, highly," ""Lowers soil pH and supplies sulfur""",Strong acidand use with extreme cautionand follow safety guidelines
alfalfa meal,Organic,6.50,0.00,25000.00,800.00,25000.00,22000.00,200.00,5000.00,50.00,2.00,70.00,2.00,20.00,0.20,0.00,1.00,0.20,50.00, low,35.00, insoluble," ""Enhances soil organic matter and nutrient content""",Broadcast before planting or till into soil
alfalfa meal tea,Organic,6.20,0.00,250.00,400.00,5000.00,5000.00,40.00,1000.00,10.00,1.00,100.00,1.00,2.00,0.04,0.00,0.10,0.10,5.00, neutral,35.00, highly," ""Provides a quick nutrient boost to plants""",Steep 1-2 lbs/gallon for a dayand dilute before use
azadirachtin,Organic,7.00,0.00,0.00,0.00,0.00,0.00,0.00,0.00,0.00,0.00,0.00,0.00,0.00,0.00,0.00,0.00,0.00,0.00, neutral,30.00, low," ""Natural insecticide for pest control""",Neem oil extractand organic insecticideand follow label instructions
bat guano,Organic,7.00,0.00,100000.00,15000.00,15000.00,1000.00,100.00,10000.00,200.00,0.00,120.00,3.00,20.00,0.50,0.00,0.30,0.30,0.00, high,35.00, medium," ""High nitrogen and phosphorus for growth""",Very high in nutrientsand wear glovesand use well-aged manure
bat guano tea,Organic,7.00,0.00,1000.00,7500.00,7500.00,250.00,20.00,5000.00,100.00,0.00,80.00,1.50,2.00,0.10,0.00,0.03,0.10,0.00, mild,35.00, highly," ""Quick-release nutrients from bat guano""",Steep 1 cup/gallon for a dayand dilute before use
blood and bone meal mix,organic,6.00,0.03,80000.00,10000.00,2000.00,2500.00,100.00,10000.00,300.00,0.00,90.00,2.00,5.00,0.10,0.00,0.80,0.50,0.00, high,35.00, low," ""High nitrogen and phosphorus for strong growth""",Organic source of Nand Pand and calciumand follow label rates
blood meal,organic,6.50,0.02,120000.00,0.00,0.00,0.00,0.00,0.00,0.00,0.00,0.00,3.00,5.00,0.00,0.00,0.60,0.20,0.00, high,35.00, low," ""Rich nitrogen source for rapid growth""",High in nitrogenand use moderatelyand can attract pests
bone meal,organic,6.80,0.01,20000.00,20000.00,0.00,240000.00,0.00,0.00,0.00,0.00,60.00,1.00,5.00,0.00,0.00,0.20,0.10,0.00, mild,35.00, low," ""Provides phosphorus and calcium for roots""",Slow-release phosphorus sourceand good for root development
canola meal,organic,4.00,0.03,60000.00,5000.00,45000.00,7000.00,200.00,10000.00,20.00,5.00,150.00,2.00,20.00,0.30,0.00,0.40,0.10,50.00, low,35.00, insoluble," ""Adds organic matter and nutrients to soil""",Nitrogen sourceand slow-releaseand till into soil before planting
coconut coir,organic,7.00,0.02,0.00,0.00,0.00,100.00,100.00,0.00,10.00,0.00,20.00,0.00,0.00,0.00,0.00,0.00,0.00,0.00, neutral,35.00, insoluble," ""Improves soil structure and water retention""",Soil amendmentand improves drainage and aeration
coconut water,organic,6.50,0.03,0.00,0.00,0.00,0.00,0.00,0.00,0.00,0.00,10.00,0.00,0.00,0.00,0.00,0.00,0.00,0.00, neutral,35.00, highly," ""Contains growth hormones and nutrients""",Plant stimulantand dilute before useand research application rates
compost tea,organic,5.00,0.01,1000.00,1500.00,4000.00,500.00,200.00,0.00,100.00,5.00,20.00,1.00,1.00,0.50,0.00,0.70,0.20,5.00, low,35.00, highly," ""Microbial boost and nutrient supply""",Liquid nutrient supplementand dilute before useand beneficial for soil microbes
cottonseed meal,organic,6.00,0.02,60000.00,6000.00,40000.00,1000.00,200.00,0.00,50.00,5.00,20.00,5.00,20.00,0.10,0.00,0.90,0.20,20.00, low,35.00, insoluble," ""Adds organic matter and nitrogen""",Nitrogen sourceand slow-releaseand use moderately due to gossypol content
crab meal,organic,4.00,0.00,60000.00,4000.00,10000.00,150000.00,3000.00,5000.00,100.00,3.00,0.00,7.00,5.00,0.00,0.00,1.10,0.10,10.00, low,35.00, low," ""Source of chitin and nutrients""",Slow-release source of chitin and nutrientsand beneficial for soil microbes
earthworm castings tea,organic,5.50,0.00,500.00,1000.00,1000.00,2500.00,200.00,500.00,100.00,5.00,0.00,1.00,1.00,0.30,0.00,0.20,0.30,10.00, neutral,35.00, highly," ""Nutrient-rich organic fertilizer""",Liquid nutrient supplementand dilute before useand rich in microbes
earthworm humus,organic,5.00,0.00,10000.00,2000.00,2000.00,5000.00,200.00,0.00,500.00,5.00,0.00,1.00,1.00,0.30,0.00,0.50,0.40,10.00, low,35.00, low," ""Improves soil structure and fertility""",Soil amendmentand improves soil structure and fertility
feather meal,organic,6.00,0.01,120000.00,0.00,0.00,0.00,0.00,0.00,0.00,0.00,0.00,1.00,5.00,0.00,0.00,0.40,0.10,0.00, high,35.00, low," ""Slow-release nitrogen source""",Slow-release nitrogen sourceand use moderately due to high nitrogen content
fish emulsion,organic,5.50,0.01,50000.00,10000.00,5000.00,5000.00,150.00,10000.00,500.00,2.00,10.00,2.00,5.00,0.00,0.00,0.00,0.20,0.00, mild,35.00, highly," ""High nitrogen and nutrient content""",Liquid organic fertilizerand dilute before useand follow label rates
green manure,organic,6.50,0.00,25000.00,4000.00,2500.00,5000.00,0.00,0.00,30.00,2.00,0.00,2.00,10.00,0.20,0.00,0.00,0.10,0.00, mild,35.00, low," ""Improves soil organic matter and nutrients""",Cover cropand adds nitrogen to soil when tilled under
humic acid,organic,4.00,0.03,0.00,0.00,0.00,0.00,0.00,0.00,0.00,0.00,0.00,0.00,0.00,0.00,0.00,0.00,0.00,0.00, neutral,40.00, low," ""Enhances nutrient uptake and soil health""",Soil amendmentand improves soil structure and nutrient holding capacity
insect frass,organic,4.50,0.03,20000.00,2000.00,5000.00,5000.00,200.00,0.00,100.00,2.00,0.00,3.00,5.00,0.20,0.00,0.00,0.20,0.00, low,35.00, low," ""Adds organic matter and nutrients""",Insect droppingsand organic matter that can decompose and release nutrients
karanja cake,organic,4.00,0.03,30000.00,3000.00,30000.00,2000.00,100.00,0.00,10.00,2.00,0.00,1.00,20.00,0.10,0.00,0.00,0.10,20.00, low,35.00, low," ""Adds nutrients and organic matter""",Neem seed cakeand organic insect repellentand follow label instructions
kelp meal,organic,5.50,0.03,10000.00,2000.00,8000.00,7000.00,500.00,10000.00,500.00,5.00,0.00,1.00,20.00,0.30,0.00,0.00,0.20,5.00, low,35.00, low," ""Supplies trace minerals and growth hormones""",Seaweed mealand source of micronutrients and organic matter
molasses,organic,4.50,0.02,0.00,0.00,30000.00,500.00,0.00,0.00,0.00,0.00,0.00,1.00,5.00,0.00,0.00,0.00,0.00,0.00, neutral,35.00, highly," ""Supplies sugars and micronutrients""",Carbohydrate sourceand feeds soil microbesand use diluted solution
mycorrhizal inoculants,organic,5.50,0.01,0.00,0.00,0.00,0.00,0.00,0.00,0.00,0.00,0.00,0.00,0.00,0.00,0.00,0.00,0.00,0.00, neutral,35.00, low," ""Enhances nutrient uptake through fungi""",Beneficial fungiand promotes nutrient uptakeand follow instructions
neem cake,organic,7.50,0.02,30000.00,2000.00,17000.00,2000.00,100.00,5000.00,10.00,2.00,0.00,1.00,10.00,0.30,0.00,0.00,0.10,10.00, low,35.00, low," ""Adds organic matter and repels pests""",Repels insectsand suppresses soilborne diseases
peat moss,organic,5.00,0.02,0.00,0.00,0.00,500.00,200.00,0.00,20.00,0.00,0.00,0.00,1.00,0.00,0.00,0.00,0.00,0.00, neutral,35.00, low," ""Improves soil structure and water retention""",Soil amendmentand improves moisture retention and aerationand adjust pH if needed
peruvian seabird guano,organic,4.50,0.00,120000.00,32000.00,10000.00,1000.00,0.00,10000.00,300.00,0.00,0.00,2.00,20.00,0.10,0.00,0.00,0.20,0.00, high,35.00, medium," ""High nitrogen and phosphorus for growth""",Very high in nutrientsand wear glovesand use well-aged manure
rice hulls,organic,5.50,0.03,0.00,0.00,0.00,500.00,0.00,0.00,10.00,0.00,0.00,0.00,0.00,0.00,0.00,0.00,0.00,0.00, neutral,35.00, insoluble," ""Improves soil structure and aeration""",Organic matterand slow-release nutrientsand improves soil aeration
seaweed extract,organic,5.00,0.02,10000.00,2000.00,150000.00,5000.00,0.00,0.00,50.00,2.00,0.00,0.00,20.00,0.10,0.00,0.00,0.30,0.00, mild,35.00, low," ""Supplies trace minerals and growth hormones""",Liquid seaweed concentrateand source of micronutrients and growth stimulantsand dilute before use
seaweed extract tea,organic,8.50,0.03,100.00,1000.00,75000.00,1000.00,0.00,0.00,25.00,1.00,0.00,2.00,2.00,0.05,0.00,0.00,0.10,0.00, neutral,35.00, highly," ""Quick nutrient boost from seaweed""",Made from seaweed extractand dilute before useand beneficial for soil microbes
soybean meal,organic,5.50,0.00,70000.00,5000.00,28000.00,2000.00,200.00,0.00,50.00,5.00,20.00,0.00,10.00,0.20,0.00,0.00,0.20,10.00, low,35.00, insoluble," ""Adds organic matter and nitrogen""",Organic nitrogen sourceand slow-releaseand use moderately due to high nitrogen content
sugarcane molasses,organic,4.50,0.00,0.00,0.00,100000.00,0.00,0.00,0.00,0.00,0.00,0.00,0.00,5.00,0.00,0.00,0.00,0.00,0.00, neutral,35.00, highly," ""Supplies sugars and micronutrients""",Similar to molassesand carbohydrate source for soil microbesand dilute before use
vermicompost tea,organic,6.80,0.00,500.00,1500.00,3000.00,2500.00,200.00,500.00,100.00,2.00,0.00,0.00,1.00,0.20,0.00,0.00,0.20,5.00, neutral,35.00, highly," ""Nutrient-rich organic fertilizer""",Liquid nutrient supplementand dilute before useand rich in microbes and nutrients
vermiculite,organic,4.00,0.02,0.00,0.00,0.00,0.00,0.00,0.00,0.00,5.00,0.00,2.00,0.00,0.00,0.00,0.00,0.00,0.00, neutral,50.00, insoluble," ""Improves soil aeration and water retention""",Inert mineraland improves drainage and aeration
worm castings,organic,8.50,0.03,10000.00,2000.00,2000.00,5000.00,100.00,0.00,100.00,2.00,0.00,0.00,1.00,0.20,0.00,0.00,0.40,0.00, mild,35.00, low," ""Improves soil structure and fertility""",Castings of earthwormsand organic fertilizer rich in nutrients and microbes
perlite,mixed,7.50,0.01,0.00,0.00,0.00,0.00,0.00,0.00,0.00,0.00,0.00,0.00,0.00,0.00,0.00,0.00,0.00,0.00, neutral,50.00, insoluble," ""Improves soil aeration and drainage""",Inert volcanic rockand improves drainage and aeration
zeolite,mixed,5.50,0.00,0.00,0.00,0.00,0.00,0.00,0.00,20.00,5.00,0.00,3.00,0.00,0.00,0.00,0.00,0.00,0.00, neutral,50.00, insoluble," ""Enhances soil nutrient retention""",Hydrated aluminosilicate mineraland improves soil drainage and cation exchange capacity
aluminum silicate,Inorganic,6.80,0.00,0.00,0.00,0.00,0.00,0.00,0.00,0.00,0.00,0.00,0.00,0.00,0.00,0.00,0.00,0.00,0.00, neutral,50.00, insoluble," ""Improves soil structure and water retention""",Scratch into soil surfaceand light application rates
ammonium bicarbonate,Inorganic,7.80,0.03,170000.00,0.00,0.00,0.00,0.00,0.00,0.00,0.00,0.00,0.00,0.00,0.00,0.00,0.00,0.00,0.00, high,40.00, highly," ""Provides nitrogen for plant growth""",Solubleand use in light watering for acid-loving plants
ammonium chloride,Inorganic,5.00,0.07,260000.00,0.00,0.00,0.00,0.00,0.00,0.00,0.00,0.00,0.00,0.00,0.00,663000.00,0.00,0.00,0.00, high,45.00, highly," ""Supplies nitrogen and chlorine for plant health""",Solubleand use with cautionand can acidify soil
ammonium molybdate,Inorganic,6.50,0.07,110000.00,0.00,0.00,0.00,0.00,0.00,0.00,0.00,0.00,0.00,0.00,540000.00,0.00,0.00,0.00,0.00, high,35.00, highly," ""Source of molybdenum for enzyme function""",Micronutrientand dilute welland foliar or soil application
ammonium nitrate,Inorganic,5.50,0.08,340000.00,0.00,0.00,0.00,0.00,0.00,0.00,0.00,0.00,0.00,0.00,0.00,0.00,0.00,0.00,0.00, dangerous,50.00, highly," ""Fast-release nitrogen source for growth""",Highly solubleand use in moderationand can be caustic
ammonium phosphate,Inorganic,6.20,0.06,110000.00,23000.00,0.00,0.00,0.00,0.00,0.00,0.00,0.00,0.00,0.00,0.00,0.00,0.00,0.00,0.00, high,45.00, medium," ""Provides nitrogen and phosphorus for root development""",Good source of N and Pand follow label rates
ammonium phosphite,Inorganic,6.50,0.06,110000.00,18000.00,0.00,0.00,0.00,0.00,0.00,0.00,0.00,0.00,0.00,0.00,0.00,0.00,0.00,0.00, high,40.00, highly," ""Supplies phosphorus and aids disease resistance""",Fungal disease controland follow label rates for mixing
ammonium polyphosphate,inorganic,7.00,0.07,100000.00,24000.00,0.00,0.00,0.00,0.00,0.00,0.00,0.00,0.00,0.00,0.00,0.00,0.00,0.00,0.00, high,45.00, highly," ""Provides sustained phosphorus release""",Slow-release fertilizerand incorporate into soil
ammonium sulfate,inorganic,5.20,0.08,210000.00,0.00,0.00,0.00,0.00,240000.00,0.00,0.00,0.00,0.00,0.00,0.00,0.00,0.00,0.00,0.00, high,45.00, highly," ""Supplies nitrogen and sulfur for plant growth""",Acidifying fertilizerand use with caution around sensitive plants
ammonium tetraborate,inorganic,7.20,0.07,130000.00,0.00,0.00,0.00,0.00,0.00,0.00,0.00,0.00,0.00,110000.00,0.00,0.00,0.00,0.00,0.00, neutral,40.00, highly," ""Source of boron for cell wall strength""",Boron sourceand highly solubleand dilute well for foliar application
ammonium thiosulfate,inorganic,7.50,0.07,210000.00,0.00,0.00,0.00,0.00,260000.00,0.00,0.00,0.00,0.00,0.00,0.00,0.00,0.00,0.00,0.00, high,45.00, highly," ""Supplies sulfur and improves soil pH""",Sulfur sourceand solubleand use for sulfur-deficient crops
azomite,inorganic,6.80,0.00,0.00,0.00,0.00,10000.00,10000.00,0.00,5000.00,10.00,6000.00,1.00,2000.00,20.00,0.00,2.00,0.10,0.00, neutral,50.00, insoluble," ""Supplies trace minerals for soil health""",Volcanic rock dustand slow-release source of minerals
basalt dust,inorganic,6.50,0.00,0.00,0.00,0.00,0.00,8000.00,0.00,2000.00,5.00,300.00,1.00,200.00,0.00,0.00,0.50,0.20,0.00, neutral,50.00, insoluble," ""Improves soil structure and mineral content""",Volcanic rock dustand slow-release source of minerals
borax,inorganic,5.50,0.00,0.00,0.00,0.00,0.00,0.00,0.00,0.00,0.00,0.00,0.00,110000.00,0.00,0.00,0.00,0.00,0.00, low,45.00, highly," ""Supplies boron for cell wall development""",Boron sourceand solubleand follow label rates to avoid toxicity
boric acid,inorganic,4.50,0.02,0.00,0.00,0.00,0.00,0.00,0.00,0.00,0.00,0.00,0.00,170000.00,0.00,0.00,0.00,0.00,0.00, low,50.00, medium," ""Source of boron for plant health""",Boron sourceand solubleand follow label rates to avoid toxicity
boric acid ammonium,inorganic,5.00,0.02,110000.00,0.00,0.00,0.00,0.00,0.00,0.00,0.00,0.00,0.00,170000.00,0.00,0.00,0.00,0.00,0.00, neutral,40.00, highly," ""Supplies boron and nitrogen""",Soluble boron sourceand use with cautionand can damage foliage
boric acid potassium,inorganic,6.20,0.02,0.00,0.00,0.00,0.00,0.00,0.00,0.00,0.00,0.00,0.00,170000.00,0.00,0.00,0.00,0.00,0.00, neutral,40.00, highly," ""Provides boron and potassium""",Soluble boron sourceand use with cautionand can damage foliage
boron nitrate,inorganic,6.80,0.01,0.00,0.00,0.00,0.00,0.00,0.00,0.00,0.00,0.00,0.00,170000.00,0.00,0.00,0.00,0.00,0.00, neutral,40.00, highly," ""Source of boron for enzyme function""",Soluble boron sourceand highly solubleand dilute well for foliar application
boron oxide,inorganic,5.50,0.01,0.00,0.00,0.00,0.00,0.00,0.00,0.00,0.00,0.00,0.00,0.00,0.00,0.00,0.00,0.00,0.00, neutral,50.00, medium," ""Supplies boron for growth processes""",Very solubleand use extreme caution due to high toxicity
calcium acetate,inorganic,6.50,0.02,0.00,0.00,0.00,253000.00,0.00,0.00,0.00,0.00,0.00,0.00,0.00,0.00,0.00,0.00,0.00,0.00, neutral,40.00, highly," ""Provides calcium and reduces soil pH""",Soluble calcium sourceand use with cautionand can raise soil pH
calcium ammonium nitrate,inorganic,7.50,0.07,270000.00,0.00,0.00,200000.00,0.00,0.00,0.00,0.00,0.00,0.00,0.00,0.00,0.00,0.00,0.00,0.00, high,45.00, highly," ""Balanced calcium and nitrogen source""",Water-soluble source of N and Caand follow label rates
calcium chloride,inorganic,6.50,0.04,0.00,0.00,0.00,273000.00,0.00,0.00,0.00,0.00,0.00,0.00,0.00,0.00,640000.00,0.00,0.00,0.00, neutral,50.00, highly," ""Provides calcium and improves soil structure""",Soluble calcium sourceand can be corrosiveand handle with care
calcium citrate,inorganic,6.20,0.00,0.00,0.00,0.00,210000.00,0.00,0.00,0.00,0.00,0.00,0.00,0.00,0.00,0.00,0.00,0.00,0.00, neutral,40.00, medium," ""Source of calcium for plant health""",Chelated calciumand lessens soil pH impactand good for foliar application
calcium gluconate,inorganic,12.40,0.00,0.00,0.00,0.00,93000.00,0.00,0.00,0.00,0.00,0.00,0.00,0.00,0.00,0.00,0.00,0.00,0.00, neutral,40.00, medium," ""Easily absorbed calcium source""",Soluble calcium sourceand good for correcting deficiencies
calcium hydroxide,inorganic,9.00,0.03,0.00,0.00,0.00,540000.00,0.00,0.00,0.00,0.00,0.00,0.00,0.00,0.00,0.00,0.00,0.00,0.00, neutral,50.00, low," ""Raises soil pH and supplies calcium""",Slaked limeand raises soil pHand apply according to soil test
calcium hypochlorite,inorganic,7.00,0.03,0.00,0.00,0.00,170000.00,0.00,0.00,0.00,0.00,0.00,0.00,0.00,0.00,0.00,0.00,0.00,0.00, neutral,50.00, highly," ""Provides calcium and controls soil pathogens""",Swimming pool chlorineand not recommended for fertilizer use
calcium lactate,inorganic,6.50,0.00,0.00,0.00,0.00,130000.00,0.00,0.00,0.00,0.00,0.00,0.00,0.00,0.00,0.00,0.00,0.00,0.00, neutral,40.00, medium," ""Calcium source that is easily absorbed""",Chelated calciumand lessens soil pH impactand good for foliar application
calcium molybdate,inorganic,6.80,0.05,0.00,0.00,0.00,120000.00,0.00,0.00,0.00,0.00,0.00,0.00,0.00,52000.00,0.00,0.00,0.00,0.00, neutral,40.00, medium," ""Supplies calcium and molybdenum""",Micronutrientand dilute well for foliar or soil application
calcium nitrate,inorganic,6.80,0.02,150000.00,0.00,0.00,170000.00,0.00,0.00,0.00,0.00,0.00,0.00,0.00,0.00,0.00,0.00,0.00,0.00, high,45.00, highly," ""Fast-acting calcium and nitrogen source""",Water-soluble source of N and Caand follow label rates
calcium phosphate,inorganic,6.80,0.00,0.00,18000.00,0.00,290000.00,0.00,0.00,0.00,0.00,0.00,0.00,0.00,0.00,0.00,0.00,0.00,0.00, neutral,45.00, low," ""Provides calcium and phosphorus""",Rock phosphateand slow-release phosphorus sourceand may require soil amendments
calcium silicate,inorganic,6.50,0.00,0.00,0.00,0.00,200000.00,0.00,0.00,0.00,0.00,0.00,0.00,0.00,0.00,0.00,0.00,0.00,0.00, neutral,50.00, insoluble," ""Improves soil structure and provides calcium""",Provides calcium and siliconand slow-releaseand good for soil health
calcium sulfate,inorganic,6.50,0.00,0.00,0.00,0.00,230000.00,0.00,180000.00,0.00,0.00,0.00,0.00,0.00,0.00,0.00,0.00,0.00,0.00, neutral,50.00, low," ""Supplies calcium and sulfur for growth""",Gypsumand improves soil drainageand can be used as calcium source
cobalt acetate,inorganic,7.00,0.00,0.00,0.00,0.00,0.00,0.00,0.00,0.00,0.00,0.00,0.00,0.00,0.00,0.00,0.00,239.00,0.00, low,40.00, highly," ""Source of cobalt for nitrogen fixation""",Micronutrientand research application rates for specific crops
cobalt carbonate,inorganic,7.00,0.02,0.00,0.00,0.00,0.00,0.00,0.00,0.00,0.00,0.00,0.00,0.00,0.00,0.00,0.00,37.00,0.00, low,50.00, low," ""Provides cobalt for enzyme processes""",Micronutrientand insoluble in waterand use as soil amendment
cobalt chelate,inorganic,7.00,0.00,0.00,0.00,0.00,0.00,0.00,0.00,0.00,0.00,0.00,0.00,0.00,0.00,0.00,0.00,25.00,0.00, neutral,40.00, highly," ""Easily absorbed cobalt source""",Soluble or chelated form and follow label rates for foliar or soil application
cobalt chloride,inorganic,6.00,0.02,0.00,0.00,0.00,0.00,0.00,0.00,0.00,0.00,0.00,0.00,0.00,0.00,481000.00,0.00,256.00,0.00, low,50.00, highly," ""Supplies cobalt for plant metabolism""",Micronutrientand solubleand follow label rates to avoid toxicity
cobalt citrate,inorganic,6.00,0.03,0.00,0.00,0.00,0.00,0.00,0.00,0.00,0.00,0.00,0.00,0.00,0.00,0.00,0.00,24.00,0.00, neutral,40.00, medium," ""Source of cobalt for plant health""",Chelated cobaltand improves micronutrient uptakeand research application rates
cobalt gluconate,inorganic,8.00,0.02,0.00,0.00,0.00,0.00,0.00,0.00,0.00,0.00,0.00,0.00,0.00,0.00,0.00,0.00,10.00,0.00, neutral,40.00, medium," ""Easily absorbed cobalt for plants""",Micronutrientand solubleand follow label rates to avoid toxicity
cobalt hydroxide,inorganic,8.00,0.03,0.00,0.00,0.00,0.00,0.00,0.00,0.00,0.00,0.00,0.00,0.00,0.00,0.00,0.00,100.00,0.00, neutral,50.00, low," ""Provides cobalt for growth processes""",Insoluble in waterand use as soil amendment
cobalt nitrate,inorganic,8.00,0.02,0.00,0.00,0.00,0.00,0.00,0.00,0.00,0.00,0.00,0.00,0.00,0.00,0.00,0.00,290.00,0.00, low,40.00, highly," ""Source of cobalt for enzyme function""",Micronutrientand solubleand follow label rates to avoid toxicity
cobalt oxide,inorganic,8.00,0.02,0.00,0.00,0.00,0.00,0.00,0.00,0.00,0.00,0.00,0.00,0.00,0.00,0.00,0.00,70.00,0.00, neutral,50.00, insoluble," ""Supplies cobalt for plant processes""",Insoluble in waterand use as soil amendment
cobalt sulfate,inorganic,7.00,0.03,0.00,0.00,0.00,0.00,0.00,180000.00,0.00,0.00,0.00,0.00,0.00,0.00,0.00,0.00,210.00,0.00, low,50.00, highly," ""Provides cobalt for nitrogen metabolism""",Micronutrientand solubleand follow label rates to avoid toxicity
copper carbonate,inorganic,6.00,0.01,0.00,0.00,0.00,0.00,0.00,0.00,0.00,0.00,0.00,310000.00,0.00,0.00,0.00,0.00,0.00,0.00, low,50.00, low," ""Provides copper for enzyme function""",Fungicideand insoluble in waterand use as soil drench
copper chelate,inorganic,5.00,0.00,0.00,0.00,0.00,0.00,0.00,0.00,0.00,0.00,0.00,140000.00,0.00,0.00,0.00,0.00,0.00,0.00, low,40.00, highly," ""Easily absorbed copper source""",Soluble copper sourceand lessens soil bindingand good for correcting deficiencies
copper chloride,inorganic,7.00,0.01,0.00,0.00,0.00,0.00,0.00,0.00,0.00,0.00,0.00,370000.00,0.00,0.00,372000.00,0.00,0.00,0.00, low,50.00, highly," ""Supplies copper for plant health""",Soluble copper sourceand can be corrosiveand handle with care
copper edta,inorganic,7.00,0.02,0.00,0.00,0.00,0.00,0.00,0.00,0.00,0.00,0.00,150000.00,0.00,0.00,0.00,0.00,0.00,0.00, low,40.00, highly," ""Stable copper source for plants""",Chelated copperand improves micronutrient uptakeand follow label rates
copper fulvate,inorganic,6.00,0.04,0.00,0.00,0.00,0.00,0.00,0.00,0.00,0.00,0.00,100000.00,0.00,0.00,0.00,0.00,0.00,0.00, neutral,35.00, highly," ""Enhances nutrient uptake""",Humic acid complexed copperand improves micronutrient uptakeand research application rates
copper gluconate,inorganic,7.00,0.03,0.00,0.00,0.00,0.00,0.00,0.00,0.00,0.00,0.00,110000.00,0.00,0.00,0.00,0.00,0.00,0.00, neutral,40.00, medium," ""Easily absorbed copper for plants""",Soluble copper sourceand good for correcting deficiencies
copper hydroxide,inorganic,6.50,0.04,0.00,0.00,0.00,0.00,0.00,0.00,0.00,0.00,0.00,400000.00,0.00,0.00,0.00,0.00,0.00,0.00, low,50.00, low," ""Source of copper for enzyme processes""",Bordeaux mixand fungicideand follow label rates to avoid phytotoxicity
copper nitrate,inorganic,6.50,0.03,0.00,0.00,0.00,0.00,0.00,0.00,0.00,0.00,0.00,370000.00,0.00,0.00,0.00,0.00,0.00,0.00, low,40.00, highly," ""Provides copper and nitrogen""",Soluble copper sourceand highly solubleand dilute well for foliar application
copper oxide,inorganic,7.50,0.04,0.00,0.00,0.00,0.00,0.00,0.00,0.00,0.00,0.00,750000.00,0.00,0.00,0.00,0.00,0.00,0.00, neutral,50.00, insoluble," ""Supplies copper for growth processes""",Insoluble in waterand use as soil amendment
copper sulfate,inorganic,5.50,0.02,0.00,0.00,0.00,0.00,0.00,200000.00,0.00,0.00,0.00,250000.00,0.00,0.00,0.00,0.00,0.00,0.00, low,50.00, highly," ""Provides copper for enzyme activity""",Fungicideand solubleand follow label rates to avoid phytotoxicity
diammonium phosphate,inorganic,6.50,0.00,180000.00,45000.00,0.00,0.00,0.00,0.00,0.00,0.00,0.00,0.00,0.00,0.00,0.00,0.00,0.00,0.00, high,45.00, highly," ""Supplies nitrogen and phosphorus""",DAPand good source of N and Pand follow label rates
diatomaceous earth,inorganic,7.50,0.01,0.00,0.00,0.00,0.00,0.00,0.00,50.00,0.00,0.00,0.00,200.00,0.00,0.00,0.00,0.00,0.00, neutral,50.00, insoluble," ""Improves soil aeration and water retention""",Not a fertilizerand controls insects physicallyand avoid inhalation
elemental sulfur,inorganic,8.00,0.03,0.00,0.00,0.00,0.00,0.00,1000000.00,0.00,0.00,0.00,0.00,0.00,0.00,0.00,0.00,0.00,0.00, neutral,45.00, insoluble," ""Lowers soil pH and supplies sulfur""",Slow-release sulfur sourceand apply according to soil test
ferrous sulfate,inorganic,6.00,0.01,0.00,0.00,0.00,0.00,0.00,200000.00,200000.00,0.00,0.00,0.00,0.00,0.00,0.00,0.00,0.00,0.00, low,50.00, highly," ""Supplies iron for chlorophyll production""",Iron sulfateand source of ironand good for correcting deficiencies
fertibor,inorganic,6.00,0.00,0.00,0.00,0.00,0.00,0.00,0.00,0.00,0.00,0.00,0.00,200000.00,0.00,0.00,0.00,0.00,0.00, neutral,40.00, highly," ""Provides boron for cell wall strength""",Boron fertilizerand solubleand follow label rates to avoid plant damage
granite meal,inorganic,5.50,0.00,0.00,0.00,0.00,0.00,0.00,0.00,50.00,0.00,0.00,1.00,0.00,0.00,0.00,0.00,0.20,0.00, neutral,50.00, insoluble," ""Adds trace minerals to soil""",Slow-release source of mineralsand improves soil drainage and aeration
granubor,inorganic,5.50,0.00,0.00,0.00,0.00,0.00,0.00,0.00,0.00,0.00,0.00,0.00,200000.00,0.00,0.00,0.00,0.00,0.00, neutral,45.00, highly," ""Provides boron for plant growth""",Granular boron fertilizerand solubleand follow label rates to avoid toxicity
gypsum,inorganic,4.50,0.03,0.00,0.00,0.00,230000.00,0.00,180000.00,0.00,0.00,0.00,0.00,0.00,0.00,0.00,0.00,0.00,0.00, neutral,50.00, low," ""Improves soil structure and provides calcium""",Calcium sulfateand improves soil drainageand can be used as calcium source
hydrochloric acid,inorganic,6.50,0.03,0.00,0.00,0.00,0.00,0.00,0.00,0.00,0.00,0.00,0.00,0.00,0.00,0.00,0.00,0.00,0.00, neutral,35.00, highly," ""Lowers soil pH""",Very strong acidand not recommended for fertilizer use
iron chelate,inorganic,7.00,0.03,0.00,0.00,0.00,0.00,0.00,0.00,100000.00,0.00,0.00,0.00,0.00,0.00,0.00,0.00,0.00,0.00, low,40.00, highly," ""Easily absorbed iron source""",Soluble iron sourceand lessens soil bindingand good for correcting deficiencies
iron citrate,inorganic,6.00,0.04,0.00,0.00,0.00,0.00,0.00,0.00,150000.00,0.00,0.00,0.00,0.00,0.00,0.00,0.00,0.00,0.00, low,40.00, medium," ""Supplies iron for plant health""",Chelated ironand improves micronutrient uptakeand research application rates
iron edta,inorganic,6.80,0.04,0.00,0.00,0.00,0.00,0.00,0.00,130000.00,0.00,0.00,0.00,0.00,0.00,0.00,0.00,0.00,0.00, low,40.00, highly," ""Stable iron source for plants""",Chelated ironand improves micronutrient uptakeand follow label rates
iron gluconate,inorganic,6.50,0.02,0.00,0.00,0.00,0.00,0.00,0.00,120000.00,0.00,0.00,0.00,0.00,0.00,0.00,0.00,0.00,0.00, neutral,40.00, medium," ""Easily absorbed iron for chlorophyll""",Soluble iron sourceand good for correcting deficiencies
iron iii chloride,inorganic,3.00,0.02,0.00,0.00,0.00,0.00,0.00,0.00,210000.00,0.00,0.00,0.00,0.00,0.00,0.00,0.00,0.00,0.00, neutral,50.00, highly," ""Provides iron for enzyme function""",Soluble iron sourceand can be corrosiveand handle with care
iron nitrate,inorganic,4.50,0.02,0.00,0.00,0.00,0.00,0.00,0.00,190000.00,0.00,0.00,0.00,0.00,0.00,0.00,0.00,0.00,0.00, low,40.00, highly," ""Supplies iron and nitrogen""",Soluble iron sourceand highly solubleand dilute well for foliar application
iron oxide,inorganic,4.50,0.02,0.00,0.00,0.00,0.00,0.00,0.00,200000.00,0.00,0.00,0.00,0.00,0.00,0.00,0.00,0.00,0.00, neutral,50.00, insoluble," ""Source of iron for plant growth""",Insoluble in waterand use as soil amendment
iron phosphate,inorganic,4.00,0.03,0.00,0.00,0.00,0.00,0.00,0.00,150000.00,0.00,0.00,0.00,0.00,0.00,0.00,0.00,0.00,0.00, neutral,50.00, low," ""Provides iron and phosphorus""",Insoluble in waterand slow-release iron source
iron silicate,inorganic,6.50,0.02,0.00,0.00,0.00,0.00,0.00,0.00,200000.00,0.00,0.00,0.00,0.00,0.00,0.00,0.00,0.00,0.00, neutral,50.00, insoluble," ""Supplies iron and improves soil""",Scratch into soil surface and light application
iron sulfate,inorganic,7.00,0.03,0.00,0.00,0.00,0.00,0.00,200000.00,200000.00,0.00,0.00,0.00,0.00,0.00,0.00,0.00,0.00,0.00, low,50.00, highly," ""Provides iron for chlorophyll production""",Iron sulfateand most common iron fertilizerand follow label rates
magnesium acetate,inorganic,6.80,0.03,0.00,0.00,0.00,0.00,110000.00,0.00,0.00,0.00,0.00,0.00,0.00,0.00,0.00,0.00,0.00,0.00, neutral,40.00, highly," ""Provides magnesium for chlorophyll production""",Soluble magnesium sourceand use with cautionand can raise soil pH
magnesium carbonate,inorganic,7.00,0.03,0.00,0.00,0.00,0.00,288000.00,0.00,0.00,0.00,0.00,0.00,0.00,0.00,0.00,0.00,0.00,0.00, neutral,50.00, low," ""Supplies magnesium and raises soil pH""",Dolomiteand source of magnesium and calciumand follow soil test
magnesium chloride,inorganic,7.00,0.03,0.00,0.00,0.00,0.00,120000.00,0.00,0.00,0.00,0.00,0.00,0.00,0.00,740000.00,0.00,0.00,0.00, neutral,50.00, highly," ""Provides magnesium and improves soil structure""",Soluble magnesium sourceand can be corrosiveand handle with care
magnesium citrate,inorganic,7.50,0.03,0.00,0.00,0.00,0.00,110000.00,0.00,0.00,0.00,0.00,0.00,0.00,0.00,0.00,0.00,0.00,0.00, neutral,40.00, medium," ""Easily absorbed magnesium source""",Chelated magnesiumand lessens soil pH impactand good for foliar application
magnesium gluconate,inorganic,5.50,0.03,0.00,0.00,0.00,0.00,110000.00,0.00,0.00,0.00,0.00,0.00,0.00,0.00,0.00,0.00,0.00,0.00, neutral,40.00, medium," ""Easily absorbed magnesium for plant health""",Soluble magnesium sourceand good for correcting deficiencies
magnesium hydroxide,inorganic,4.50,0.01,0.00,0.00,0.00,0.00,415000.00,0.00,0.00,0.00,0.00,0.00,0.00,0.00,0.00,0.00,0.00,0.00, neutral,50.00, low," ""Supplies magnesium and raises soil pH""",Milk of magnesiaand not recommended for fertilizer use
magnesium nitrate,inorganic,4.50,0.00,110000.00,0.00,0.00,0.00,110000.00,0.00,0.00,0.00,0.00,0.00,0.00,0.00,0.00,0.00,0.00,0.00, high,45.00, highly," ""Provides magnesium and nitrogen""",Soluble source of magnesium and nitrogenand follow label rates
magnesium oxide,inorganic,7.50,0.00,0.00,0.00,0.00,0.00,600000.00,0.00,0.00,0.00,0.00,0.00,0.00,0.00,0.00,0.00,0.00,0.00, neutral,50.00, low," ""Source of magnesium for plant growth""",Magnesiaand slow-release magnesium sourceand may require soil amendments
magnesium phosphate,inorganic,5.50,0.02,0.00,2000.00,0.00,0.00,200000.00,0.00,0.00,0.00,0.00,0.00,0.00,0.00,0.00,0.00,0.00,0.00, neutral,50.00, low," ""Provides magnesium and phosphorus""",Insoluble in waterand slow-release magnesium source
magnesium silicate,inorganic,6.00,0.02,0.00,0.00,0.00,0.00,200000.00,0.00,0.00,0.00,0.00,0.00,0.00,0.00,0.00,0.00,0.00,0.00, neutral,50.00, insoluble," ""Supplies magnesium and improves soil""",Scratch into soil surface and light application
manganese acetate,inorganic,4.50,0.02,0.00,0.00,0.00,0.00,0.00,0.00,0.00,210000.00,0.00,0.00,0.00,0.00,0.00,0.00,0.00,0.00, low,40.00, highly," ""Source of manganese for enzyme function""",Micronutrientand solubleand follow label rates to avoid toxicity
manganese carbonate,inorganic,5.50,0.02,0.00,0.00,0.00,0.00,0.00,0.00,0.00,480000.00,0.00,0.00,0.00,0.00,0.00,0.00,0.00,0.00, low,50.00, low," ""Provides manganese for plant health""",Micronutrientand insoluble in waterand use as soil amendment
manganese chloride,inorganic,6.50,0.01,0.00,0.00,0.00,0.00,0.00,0.00,0.00,268000.00,0.00,0.00,0.00,0.00,0.00,0.00,0.00,0.00, low,50.00, highly," ""Supplies manganese for enzyme activity""",Micronutrientand solubleand follow label rates to avoid toxicity
manganese citrate,inorganic,6.00,0.02,0.00,0.00,0.00,0.00,0.00,0.00,0.00,214000.00,0.00,0.00,0.00,0.00,0.00,0.00,0.00,0.00, neutral,40.00, medium," ""Easily absorbed manganese source""",Chelated manganeseand improves micronutrient uptakeand research application rates
manganese gluconate,inorganic,6.50,0.00,0.00,0.00,0.00,0.00,0.00,0.00,0.00,144000.00,0.00,0.00,0.00,0.00,0.00,0.00,0.00,0.00, neutral,40.00, medium," ""Easily absorbed manganese for plants""",Soluble manganese sourceand good for correcting deficiencies
manganese hydroxide,inorganic,5.50,0.01,0.00,0.00,0.00,0.00,0.00,0.00,0.00,0.00,0.00,0.00,0.00,0.00,0.00,0.00,0.00,0.00, neutral,50.00, low," ""Source of manganese for plant growth""",Insoluble in waterand use as soil amendment
manganese nitrate,inorganic,4.50,0.03,0.00,0.00,0.00,0.00,0.00,0.00,0.00,312000.00,0.00,0.00,0.00,0.00,0.00,0.00,0.00,0.00, low,40.00, highly," ""Provides manganese and nitrogen""",Micronutrientand solubleand follow label rates to avoid toxicity
manganese oxide,inorganic,4.50,0.00,0.00,0.00,0.00,0.00,0.00,0.00,0.00,550000.00,0.00,0.00,0.00,0.00,0.00,0.00,0.00,0.00, neutral,50.00, insoluble," ""Supplies manganese for plant processes""",Insoluble in waterand use as soil amendment
manganese phosphate,inorganic,6.80,0.01,0.00,2000.00,0.00,0.00,0.00,0.00,0.00,0.00,0.00,0.00,0.00,0.00,0.00,0.00,0.00,0.00, neutral,50.00, low," ""Provides manganese and phosphorus""",Insoluble in waterand slow-release manganese source
manganese sulfate,inorganic,6.00,0.00,0.00,0.00,0.00,0.00,0.00,200000.00,0.00,310000.00,0.00,0.00,0.00,0.00,0.00,0.00,0.00,0.00, low,50.00, highly," ""Source of manganese for enzyme function""",Micronutrientand solubleand follow label rates to avoid toxicity
molybdenum carbonate,inorganic,5.50,0.03,0.00,0.00,0.00,0.00,0.00,0.00,0.00,0.00,0.00,0.00,0.00,390000.00,0.00,0.00,0.00,0.00, neutral,50.00, medium," ""Source of molybdenum for enzyme function""",Micronutrientand insoluble in waterand use as soil amendment
molybdenum chelate,inorganic,5.50,0.02,0.00,0.00,0.00,0.00,0.00,0.00,0.00,0.00,0.00,0.00,0.00,700000.00,0.00,0.00,0.00,0.00, neutral,40.00, highly," ""Easily absorbed molybdenum source""",Soluble molybdenum sourceand improves micronutrient uptakeand research application rates
molybdenum nitrate,inorganic,5.00,0.03,0.00,0.00,0.00,0.00,0.00,0.00,0.00,0.00,0.00,0.00,0.00,630000.00,0.00,0.00,0.00,0.00, low,40.00, highly," ""Provides molybdenum and nitrogen""",Micronutrientand solubleand follow label rates to avoid toxicity
molybdenum oxide,inorganic,6.50,0.03,0.00,0.00,0.00,0.00,0.00,0.00,0.00,0.00,0.00,0.00,0.00,660000.00,0.00,0.00,0.00,0.00, neutral,50.00, low," ""Source of molybdenum for plant growth""",Insoluble in waterand use as soil amendment
molybdenum phosphate,inorganic,5.50,0.02,0.00,1000.00,0.00,0.00,0.00,0.00,0.00,0.00,0.00,0.00,0.00,300000.00,0.00,0.00,0.00,0.00, neutral,50.00, low," ""Provides molybdenum and phosphorus""",Insoluble in waterand slow-release molybdenum source
molybdenum sulfate,inorganic,5.50,0.03,0.00,0.00,0.00,0.00,0.00,0.00,0.00,0.00,0.00,0.00,0.00,530000.00,0.00,0.00,0.00,0.00, low,50.00, highly," ""Supplies molybdenum for enzyme activity""",Micronutrientand solubleand follow label rates to avoid toxicity
monoammonium phosphate,inorganic,5.00,0.00,120000.00,52000.00,0.00,0.00,0.00,0.00,0.00,0.00,0.00,0.00,0.00,0.00,0.00,0.00,0.00,0.00, high,45.00, highly," ""Provides nitrogen and phosphorus""",MAPand good source of P with some Nand follow label rates
monopotassium phosphate,inorganic,4.50,0.02,0.00,23000.00,340000.00,0.00,0.00,0.00,0.00,0.00,0.00,0.00,0.00,0.00,0.00,0.00,0.00,0.00, neutral,45.00, highly," ""Source of potassium and phosphorus""",Mureate of Potashand good source of K with some Pand follow label rates
nickel acetate,inorganic,5.50,0.00,0.00,0.00,0.00,0.00,0.00,0.00,0.00,0.00,0.00,0.00,0.00,0.00,0.00,2.50,0.00,0.00, low,40.00, highly," ""Source of nickel for enzyme function""",Micronutrientand solubleand follow label rates to avoid toxicity
nickel carbonate,inorganic,5.50,0.02,0.00,0.00,0.00,0.00,0.00,0.00,0.00,0.00,0.00,0.00,0.00,0.00,0.00,1.20,0.00,0.00, low,50.00, low," ""Provides nickel for plant health""",Micronutrientand insoluble in waterand use as soil amendment
nickel chloride,inorganic,6.50,0.02,0.00,0.00,0.00,0.00,0.00,0.00,0.00,0.00,0.00,0.00,0.00,0.00,0.00,5.10,0.00,0.00, low,50.00, highly," ""Supplies nickel for enzyme processes""",Micronutrientand solubleand follow label rates to avoid toxicity
nickel citrate,inorganic,6.00,0.02,0.00,0.00,0.00,0.00,0.00,0.00,0.00,0.00,0.00,0.00,0.00,0.00,0.00,3.00,0.00,0.00, neutral,40.00, medium," ""Easily absorbed nickel source""",Chelated nickeland improves micronutrient uptakeand research application rates
nickel edta,inorganic,7.50,0.02,0.00,0.00,0.00,0.00,0.00,0.00,0.00,0.00,0.00,0.00,0.00,0.00,0.00,2.80,0.00,0.00, low,40.00, highly," ""Stable nickel source for plants""",Chelated nickeland improves micronutrient uptakeand follow label rates
nickel hydroxide,inorganic,5.50,0.03,0.00,0.00,0.00,0.00,0.00,0.00,0.00,0.00,0.00,0.00,0.00,0.00,0.00,1.50,0.00,0.00, low,50.00, low," ""Source of nickel for growth processes""",Insoluble in waterand use as soil amendment
nickel nitrate,inorganic,5.50,0.03,0.00,0.00,0.00,0.00,0.00,0.00,0.00,0.00,0.00,0.00,0.00,0.00,0.00,3.50,0.00,0.00, low,40.00, highly," ""Provides nickel and nitrogen""",Micronutrientand solubleand follow label rates to avoid toxicity
nickel oxide,inorganic,4.50,0.02,0.00,0.00,0.00,0.00,0.00,0.00,0.00,0.00,0.00,0.00,0.00,0.00,0.00,4.10,0.00,0.00, neutral,50.00, insoluble," ""Supplies nickel for enzyme function""",Insoluble in waterand use as soil amendment
nickel phosphate,inorganic,4.50,0.00,0.00,2000.00,0.00,0.00,0.00,0.00,0.00,0.00,0.00,0.00,0.00,0.00,0.00,2.00,0.00,0.00, neutral,50.00, low," ""Provides nickel and phosphorus""",Insoluble in waterand slow-release nickel source
nickel sulfate,inorganic,6.00,0.00,0.00,0.00,0.00,0.00,0.00,180000.00,0.00,0.00,0.00,0.00,0.00,0.00,0.00,5.00,0.00,0.00, low,50.00, highly," ""Source of nickel for enzyme activity""",Micronutrientand solubleand follow label rates to avoid toxicity
potassium acetate,inorganic,7.00,0.02,0.00,0.00,40000.00,0.00,0.00,0.00,0.00,0.00,0.00,0.00,0.00,0.00,0.00,0.00,0.00,0.00, neutral,45.00, highly," ""Provides potassium for plant health""",Soluble potassium sourceand use with cautionand can raise soil pH
potassium bicarbonate,inorganic,7.00,0.02,0.00,0.00,498000.00,0.00,0.00,0.00,0.00,0.00,0.00,0.00,0.00,0.00,0.00,0.00,0.00,0.00, neutral,50.00, highly," ""Supplies potassium and raises soil pH""",Soluble potassium sourceand fungicideand follow label rates
potassium chloride,inorganic,7.00,0.02,0.00,0.00,524000.00,0.00,0.00,0.00,0.00,0.00,0.00,0.00,0.00,0.00,476000.00,0.00,0.00,0.00, neutral,50.00, highly," ""Source of potassium for plant growth""",Muriate of Potashand most common potassium fertilizerand follow label rates
potassium hypochlorite,inorganic,5.50,0.03,0.00,0.00,0.00,0.00,0.00,0.00,0.00,0.00,0.00,0.00,0.00,0.00,0.00,0.00,0.00,0.00, neutral,50.00, highly," ""Provides potassium and controls pathogens""",Bleachand not recommended for fertilizer use
potassium molybdate,inorganic,7.50,0.02,0.00,0.00,46000.00,0.00,0.00,0.00,0.00,0.00,0.00,0.00,0.00,460000.00,0.00,0.00,0.00,0.00, neutral,45.00, highly," ""Source of potassium and molybdenum""",Micronutrientand solubleand follow label rates to avoid toxicity
potassium nitrate,inorganic,6.50,0.02,130000.00,0.00,380000.00,0.00,0.00,0.00,0.00,0.00,0.00,0.00,0.00,0.00,0.00,0.00,0.00,0.00, high,50.00, highly," ""Provides potassium and nitrogen""",Saltpeterand soluble source of K and Nand follow label rates
potassium phosphate,inorganic,6.80,0.02,0.00,23000.00,230000.00,0.00,0.00,0.00,0.00,0.00,0.00,0.00,0.00,0.00,0.00,0.00,0.00,0.00, neutral,45.00, highly," ""Source of potassium and phosphorus""",Soluble source of K and Pand good for immediate nutrient needs
potassium polyphosphate,inorganic,5.50,0.03,0.00,24000.00,230000.00,0.00,0.00,0.00,0.00,0.00,0.00,0.00,0.00,0.00,0.00,0.00,0.00,0.00, neutral,45.00, highly," ""Provides sustained potassium release""",Slow-release source of potassiumand follow label rates
potassium silicate,inorganic,8.50,0.02,0.00,0.00,120000.00,0.00,0.00,0.00,0.00,0.00,0.00,0.00,0.00,0.00,0.00,0.00,0.00,0.00, neutral,50.00, highly," ""Supplies potassium and improves soil structure""",Soluble silicate sourceand may strengthen plant cell wallsand research application rates
potassium thiosulfate,inorganic,4.50,0.02,0.00,0.00,370000.00,0.00,0.00,270000.00,0.00,0.00,0.00,0.00,0.00,0.00,0.00,0.00,0.00,0.00, neutral,45.00, highly," ""Supplies potassium and sulfur""",Soluble thiosulfate sourceand may improve sulfur uptakeand research application rates
rock phosphate,inorganic,8.00,0.03,0.00,13000.00,0.00,0.00,0.00,0.00,0.00,0.00,0.00,1.00,0.00,0.00,0.00,0.00,0.00,0.00, neutral,50.00, low," ""Slow-release phosphorus source""",Insoluble phosphorus sourceand requires grinding or composting for better availability
salicylic acid,inorganic,7.00,0.03,0.00,0.00,0.00,0.00,0.00,0.00,0.00,0.00,0.00,1.00,0.00,0.00,0.00,0.00,0.00,0.00, neutral,30.00, low," ""Enhances plant defense mechanisms""",Plant signaling compoundand research application rates for specific effects
silica gel,inorganic,6.80,0.00,0.00,0.00,0.00,0.00,0.00,0.00,0.00,0.00,0.00,1.00,0.00,0.00,0.00,0.00,0.00,0.00, neutral,50.00, low," ""Improves soil structure and water retention""",Inert desiccantand not recommended for fertilizer use
silicate rock dust,inorganic,5.50,0.01,0.00,0.00,0.00,0.00,200000.00,0.00,2000.00,2.00,0.00,0.00,0.00,0.00,0.00,0.00,0.20,0.00, neutral,50.00, insoluble," ""Adds trace minerals to soil""",Slow-release source of silicon and other minerals
sodium acetate,inorganic,5.00,0.00,0.00,0.00,0.00,0.00,0.00,0.00,0.00,0.00,0.00,0.00,0.00,0.00,0.00,0.00,0.00,0.00, neutral,45.00, highly," ""Source of sodium for plant processes""",Soluble sodium sourceand can be harmful to some plantsand use with caution
sodium chloride,inorganic,4.50,0.00,0.00,0.00,0.00,0.00,0.00,0.00,0.00,0.00,0.00,0.00,0.00,0.00,600000.00,0.00,0.00,0.00, low,50.00, highly," ""Source of sodium for plant health""",Table saltand can be harmful to plants in high concentrationsand use sparingly
sodium hypochlorite,inorganic,5.50,0.02,0.00,0.00,0.00,0.00,0.00,0.00,0.00,0.00,0.00,0.00,0.00,0.00,0.00,0.00,0.00,0.00, neutral,50.00, highly," ""Provides sodium and controls pathogens""",Bleachand not recommended for fertilizer use
sodium molybdate,inorganic,7.50,0.00,0.00,0.00,0.00,0.00,0.00,0.00,0.00,0.00,0.00,0.00,0.00,450000.00,0.00,0.00,0.00,391000.00, neutral,45.00, highly," ""Source of sodium and molybdenum""",Micronutrientand solubleand follow label rates to avoid toxicity
sodium nitrate,inorganic,5.50,0.01,160000.00,0.00,0.00,0.00,0.00,0.00,0.00,0.00,0.00,0.00,0.00,0.00,0.00,0.00,0.00,161000.00, high,50.00, highly," ""Provides sodium and nitrogen""",Chilean saltpeterand source of sodium and nitrogenand use with caution due to high salt content
sodium phosphate,inorganic,4.50,0.03,0.00,20000.00,0.00,0.00,0.00,0.00,0.00,0.00,0.00,0.00,0.00,0.00,0.00,0.00,0.00,0.00, neutral,50.00, highly," ""Supplies sodium and phosphorus""",Soluble source of phosphorusand can be high in sodiumand use with care
sodium silicate,inorganic,6.50,0.03,0.00,0.00,0.00,0.00,0.00,0.00,0.00,0.00,0.00,0.00,0.00,0.00,0.00,0.00,0.00,276000.00, neutral,50.00, highly," ""Provides sodium and silicon""",Soluble silicate sourceand may improve plant stress toleranceand research application rates
sodium sulfate,inorganic,4.50,0.03,0.00,0.00,0.00,0.00,0.00,0.00,0.00,0.00,0.00,0.00,0.00,0.00,0.00,0.00,0.00,142000.00, neutral,50.00, highly," ""Source of sodium and sulfur""",Glauber's saltand can improve soil drainageand use cautiously
sodium thiosulfate,inorganic,5.50,0.03,0.00,0.00,0.00,0.00,0.00,240000.00,0.00,0.00,0.00,0.00,0.00,0.00,0.00,0.00,0.00,157000.00, neutral,45.00, highly," ""Supplies sodium and sulfur""",Soluble thiosulfate sourceand may improve sulfur uptakeand research application rates
solubor,inorganic,5.50,0.03,0.00,0.00,0.00,0.00,0.00,0.00,0.00,0.00,0.00,0.00,200000.00,0.00,0.00,0.00,0.00,0.00, neutral,45.00, highly," ""Provides boron for plant growth""",Soluble boron fertilizerand follow label rates to avoid plant damage
urea,inorganic,4.50,0.03,460000.00,0.00,0.00,0.00,0.00,0.00,0.00,0.00,0.00,0.00,0.00,0.00,0.00,0.00,0.00,0.00, dangerous,45.00, highly," ""High nitrogen source for rapid growth""",Synthetic organic nitrogen fertilizerand readily available nitrogen sourceand follow label rates
zinc acetate,inorganic,6.50,0.00,0.00,0.00,0.00,0.00,0.00,0.00,0.00,0.00,300000.00,1.00,0.00,0.00,0.00,0.00,0.00,0.00, low,40.00, highly," ""Source of zinc for enzyme function""",Micronutrientand solubleand follow label rates to avoid toxicity
zinc carbonate,inorganic,4.50,0.02,0.00,0.00,0.00,0.00,0.00,0.00,0.00,0.00,520000.00,0.00,0.00,0.00,0.00,0.00,0.00,0.00, low,50.00, low," ""Provides zinc for plant health""",Micronutrientand insoluble in waterand use as soil amendment
zinc chloride,inorganic,8.00,0.00,0.00,0.00,0.00,0.00,0.00,0.00,0.00,0.00,480000.00,0.00,0.00,0.00,475000.00,0.00,0.00,0.00, low,50.00, highly," ""Supplies zinc for enzyme activity""",Micronutrientand solubleand follow label rates to avoid toxicity
zinc citrate,inorganic,5.50,0.03,0.00,0.00,0.00,0.00,0.00,0.00,0.00,0.00,310000.00,0.00,0.00,0.00,0.00,0.00,0.00,0.00, neutral,40.00, medium," ""Easily absorbed zinc source""",Chelated zincand improves micronutrient uptakeand research application rates
zinc edta,inorganic,5.50,0.03,0.00,0.00,0.00,0.00,0.00,0.00,0.00,0.00,150000.00,0.00,0.00,0.00,0.00,0.00,0.00,0.00, low,40.00, highly," ""Stable zinc source for plants""",Chelated zincand improves micronutrient uptakeand follow label rates
zinc gluconate,inorganic,5.50,0.00,0.00,0.00,0.00,0.00,0.00,0.00,0.00,0.00,140000.00,0.00,0.00,0.00,0.00,0.00,0.00,0.00, neutral,40.00, medium," ""Easily absorbed zinc for plants""",Micronutrientand solubleand follow label rates to avoid toxicity
zinc nitrate,inorganic,5.50,0.02,0.00,0.00,0.00,0.00,0.00,0.00,0.00,0.00,230000.00,0.00,0.00,0.00,0.00,0.00,0.00,0.00, low,40.00, highly," ""Provides zinc and nitrogen""",Micronutrientand solubleand follow label rates to avoid toxicity
zinc oxide,inorganic,6.50,0.03,0.00,0.00,0.00,0.00,0.00,0.00,0.00,0.00,490000.00,0.00,0.00,0.00,0.00,0.00,0.00,0.00, neutral,50.00, low," ""Source of zinc for plant growth""",Micronutrientand insoluble in waterand use as soil amendment
zinc phosphate,inorganic,4.50,0.02,0.00,2000.00,0.00,0.00,0.00,0.00,0.00,0.00,250000.00,0.00,0.00,0.00,0.00,0.00,0.00,0.00, neutral,50.00, low," ""Provides zinc and phosphorus""",Micronutrientand insoluble in waterand slow-release zinc source
zinc sulfate,inorganic,5.00,0.02,0.00,0.00,0.00,0.00,0.00,180000.00,0.00,0.00,360000.00,0.00,0.00,0.00,0.00,0.00,0.00,0.00, low,50.00, highly," ""Source of zinc for enzyme function""",Micronutrientand solubleand most common zinc fertilizerand follow label rates
abscisic acid,growth regulator,3.50,0.00,0.00,0.00,0.00,0.00,0.00,0.00,0.00,0.00,0.00,0.00,0.00,0.00,0.00,0.00,0.00,0.00, neutral,25.00, low," ""Regulates plant growth and stress response""",Wear glovesand maskand dilute well for foliar application
auxins,growth regulator,6.00,0.00,0.00,0.00,0.00,0.00,0.00,0.00,0.00,0.00,0.00,0.00,0.00,0.00,0.00,0.00,0.00,0.00, neutral,25.00, low," ""Promotes root and shoot development""",Plant hormoneand use with extreme caution due to potency
betaines,growth regulator,6.50,0.00,0.00,0.00,0.00,0.00,0.00,0.00,0.00,0.00,0.00,0.00,0.00,0.00,0.00,0.00,0.00,0.00, neutral,30.00, highly," ""Enhances plant stress tolerance""",Osmoprotectantand research application rates for specific crops
brassinosteroids,growth regulator,4.00,0.00,0.00,0.00,0.00,0.00,0.00,0.00,0.00,0.00,0.00,0.00,0.00,0.00,0.00,0.00,0.00,0.00, neutral,25.00, low," ""Promotes overall plant growth and health""",Plant hormoneand research application rates for specific crops
cytokinins,growth regulator,5.00,0.02,0.00,0.00,0.00,0.00,0.00,0.00,0.00,0.00,0.00,0.00,0.00,0.00,0.00,0.00,0.00,0.00, neutral,25.00, low," ""Promotes cell division and growth""",Plant hormoneand research application rates for specific cropsand can be potent
ethylene,growth regulator,7.50,0.01,0.00,0.00,0.00,0.00,0.00,0.00,0.00,0.00,0.00,0.00,0.00,0.00,0.00,0.00,0.00,0.00, neutral,30.00, highly," ""Regulates fruit ripening and growth""",Gaseous plant hormoneand research application rates for specific ripening effects
gibberellins,growth regulator,6.50,0.03,0.00,0.00,0.00,0.00,0.00,0.00,0.00,0.00,0.00,0.00,0.00,0.00,0.00,0.00,0.00,0.00, neutral,25.00, low," ""Promotes stem elongation and growth""",Plant hormoneand promotes growthand research application rates for specific crops
jasmonic acid,growth regulator,6.00,0.03,0.00,0.00,0.00,0.00,0.00,0.00,0.00,0.00,0.00,0.00,0.00,0.00,0.00,0.00,0.00,0.00, neutral,25.00, low," ""Regulates plant stress and defense""",Plant signaling compoundand research application rates for specific effects
polyamines,growth regulator,5.00,0.01,0.00,0.00,0.00,0.00,0.00,0.00,0.00,0.00,0.00,0.00,0.00,0.00,0.00,0.00,0.00,0.00, neutral,30.00, low," ""Promotes plant growth and stress tolerance""",Improves plant stress toleranceand research application rates for specific crops
strigolactones,growth regulator,4.50,0.01,0.00,0.00,0.00,0.00,0.00,0.00,0.00,0.00,0.00,3.00,0.00,0.00,0.00,0.00,0.00,0.00, neutral,25.00, low," ""Regulates plant growth and symbiosis""",Plant signaling compoundand research application rates for specific effects
dolomite lime,ec regulator,7.50,0.00,0.00,0.00,0.00,200000.00,120000.00,0.00,0.00,0.00,0.00,0.00,0.00,0.00,0.00,0.00,0.00,0.00, neutral,50.00, low," ""Raises soil pH and supplies magnesium""",Liming materialand raises soil magnesium and calcium levelsand follow soil test
epsom salt,ec regulator,4.00,0.02,0.00,0.00,0.00,0.00,99600.00,130000.00,0.00,0.00,0.00,0.00,0.00,0.00,0.00,0.00,0.00,0.00, neutral,50.00, highly," ""Provides magnesium and sulfur""",Magnesium sulfateand source of magnesiumand follow label rates to avoid toxicity
magnesium sulfate,ec regulator,4.50,0.02,0.00,0.00,0.00,0.00,99600.00,130000.00,0.00,0.00,0.00,0.00,0.00,0.00,0.00,0.00,0.00,0.00, neutral,50.00, highly," ""Provides magnesium and sulfur""",Epsom saltand source of magnesiumand follow label rates to avoid toxicity
nitric acid,ec regulator,5.50,0.00,0.00,0.00,0.00,0.00,0.00,0.00,0.00,0.00,0.00,0.00,0.00,0.00,0.00,0.00,0.00,0.00, neutral,35.00, highly," ""Lowers soil pH and supplies nitrogen""",Strong acidand not recommended for fertilizer use
potassium carbonate,ec regulator,4.50,0.02,0.00,0.00,561000.00,0.00,0.00,0.00,0.00,0.00,0.00,0.00,0.00,0.00,0.00,0.00,0.00,0.00, neutral,50.00, highly," ""Provides potassium and improves soil""",Pottashand soluble potassium sourceand can raise soil pH
potassium sulfate,ec regulator,6.80,0.03,0.00,0.00,430000.00,0.00,0.00,180000.00,0.00,0.00,0.00,0.00,0.00,0.00,0.00,0.00,0.00,0.00, neutral,50.00, highly," ""Provides potassium and sulfur""",Sulfate of Potashand soluble source of K and sulfurand follow label rates
